business_id,name,website,current_email,current_logo,niche_slug,city,state_code
b_ontime-service-bir_ham_bama_83915,OnTime Service,https://ontime59.com/?utm_source=GBP&utm_medium=organic,,,plumbing,Birmingham,AL
b_service-experts-bi_ham_bama_42222,Service Experts Birmingham,https://www.norrellserviceexperts.com/,,https://www.serviceexperts.com/images/social-share.jpg.webp,plumbing,Birmingham,AL
b_airnow-home-servic_ery_bama_06797,AirNow Home Services,https://www.airnowhvac.com/,,https://www.airnowhvac.com/assets/Social-Share.jpg,hvac,Montgomery,AL
b_brown-heating-cool_ham_bama_84804,"Brown Heating, Cooling & Plumbing",https://www.brownheatingandcooling.com/?utm_source=google-gbp&utm_medium=organic&utm_campaign=*53*brown-heating-cooling-hueytown,,,plumbing,Birmingham,AL
b_skelton-s-heating-_ham_bama_33706,"Skelton's Heating, Cooling & Plumbing",https://skeltonsair.com/locations/birmingham-al/home-services/?utm_source=google-gbp&utm_medium=organic&utm_campaign=*180*skeltons-heating-birmingham,,,plumbing,Birmingham,AL
b_roto-rooter-plumbi_ham_bama_01418,Roto-Rooter Plumbing & Water Cleanup,https://www.rotorooter.com/birmingham/?utm_source=Google&utm_medium=organic&utm_campaign=gmb&utm_content=website,,https://www.rotorooter.com/favicon.ico,plumbing,Birmingham,AL
b_dixie-electric-plu_ery_bama_52152,"Dixie Electric, Plumbing & Air",http://www.calldixie.com/,info@calldixie.com,https://calldixie.com/wp-content/uploads/2020/11/cropped-SiteIcon-1-32x32.png,plumbing,Montgomery,AL
b_comfort-dynamics-c_ham_bama_61124,"Comfort Dynamics Cooling, Heating, Plumbing & Electrical",http://www.callcomfortdynamics.com/al,,https://irp.cdn-website.com/45fdf47c/site_favicon_16_1742000892645.ico,plumbing,Birmingham,AL
b_k-s-plumbing-birmi_ham_bama_99938,K&S Plumbing,http://ksplumbingal.com/,ksplumbing@yahoo.com,https://static-res-cdn.websites.hibu.com/runtime/favicon_d1_res.ico,plumbing,Birmingham,AL
b_dunn-s-hvac-plumbi_ham_bama_62366,"Dunn's HVAC, Plumbing, & Electrical",https://www.calldunns.com/,,,plumbing,Birmingham,AL
b_standard-heating-c_ham_bama_73601,"Standard Heating, Cooling & Plumbing",https://www.standardheatingandairconditioning.com/?utm_source=google&utm_medium=gbp&se_campaign=GBP,aservice@standardheating.net,https://www.standardheatingandairconditioning.com/wp-content/uploads/2022/07/cropped-fav-32x32.png,plumbing,Birmingham,AL
b_benjamin-franklin-_ham_bama_51227,Benjamin Franklin Plumbing,https://birminghambenjaminfranklin.com/?utm_source=GBP&utm_medium=organic&utm_campaign=birminghamgbp,,,plumbing,Birmingham,AL
b_mister-sparky-birm_ham_bama_05397,Mister Sparky,https://birminghammistersparky.com/?utm_source=GBP&utm_medium=organic&utm_campaign=birminghamgbp,,,electrical,Birmingham,AL
b_myers-comfort-spec_ham_bama_37189,Myers Comfort Specialists of Birmingham,http://www.myerscomfort.com/,info@myerscomfort.com,https://www.myerscomfort.com/favicon-light.ico,hvac,Birmingham,AL
b_one-hour-air-condi_ham_bama_75850,One Hour Air Conditioning & Heating,https://birminghamonehour.com/?utm_source=GBP&utm_medium=organic&utm_campaign=birminghamgbp,,,hvac,Birmingham,AL
b_xcalibur-services-_ham_bama_87392,Xcalibur Services,https://xcaliburservice.com/?utm_source=Google&utm_medium=GMB&utm_campaign=Google_Business_Profile,,,electrical,Birmingham,AL
b_draingo-of-alabama_ham_bama_85593,Draingo Of Alabama LLC,https://draingoal.com/?utm_source=google&utm_medium=gbp-birmingham,,https://draingoal.com/wp-content/uploads/2026/06/wisetack-logo.png,plumbing,Birmingham,AL
b_mr-electric-of-mon_ery_bama_55763,Mr. Electric of Montgomery,https://mrelectric.com/montgomery-al,,,plumbing,Montgomery,AL
b_mr-drippy-plumbing_ham_bama_09718,"Mr. Drippy Plumbing | Plumber, Sewer Line Repair, Tankless Water Heater Repair & Water Damage Restoration Birmingham, AL",https://mrdrippyplumbing.com/?utm_source=google&utm_medium=search_engine&utm_campaign=gmb,service@mrdrippyplumbing.com,https://mrdrippyplumbing.com/wp-content/uploads/2024/01/Favicon-150x150.png,plumbing,Birmingham,AL
b_perfect-service-he_ham_bama_56876,Perfect Service Heating & Air,https://www.perfecthvac.com/service-areas/trussville-al-hvac-company/,info@perfectservicehvac.com,https://www.perfecthvac.com/wp-content/uploads/cropped-perfet-service-favicon-1-32x32.png,hvac,Birmingham,AL
b_mr-electric-of-bir_ham_bama_18870,Mr. Electric of Birmingham,https://mrelectric.com/birmingham,,,electrical,Birmingham,AL
b_guin-service-llc-b_ham_bama_95295,"Guin Service, LLC",https://www.guinservice.com/?utm_source=gbp&utm_medium=organic,,https://www.guinservice.com/images/social.jpg,plumbing,Birmingham,AL
b_service-care-inc-b_ham_bama_55250,"Service Care, Inc.",https://www.servicecare.net/?UTM_source=GMB_listing&UTM_medium=organic,,,electrical,Birmingham,AL
b_capital-comfort-se_ham_bama_72112,Capital Comfort Services,http://www.capitalcomfort.com/,you@someplace.com,https://iuguoryuevjnmdejvwes.supabase.co/storage/v1/object/public/logos/logos/b_capital-comfort-se_ham_bama_72112.png,hvac,Birmingham,AL
b_wilbur-s-air-condi_ham_bama_30251,"Wilbur's Air Conditioning, Heating & Plumbing",https://wilbur1.com/,,https://wilbur1.com/wp-content/uploads/2026/05/favicon-150x150.png,plumbing,Birmingham,AL
b_w-c-wright-and-son_ham_bama_66669,"W.C. Wright And Son, Inc",https://wcwright.com/,,https://iuguoryuevjnmdejvwes.supabase.co/storage/v1/object/public/logos/logos/b_w-c-wright-and-son_ham_bama_66669.png,hvac,Birmingham,AL
b_window-world-of-ce_ham_bama_12937,Window World of Central Alabama,https://www.windowworldalabama.com/,,,kitchen-remodeling,Birmingham,AL
b_chad-s-ac-direct-m_ery_bama_97570,Chad's AC Direct,https://www.chadsacdirect.com/?utm_source=gbp&utm_medium=organic&utm_campaign=gbp-profile-montgomery,,https://www.chadsacdirect.com/wp-content/uploads/2017/08/cropped-chads-favi-32x32.png,plumbing,Montgomery,AL
b_autumn-air-home-se_ham_bama_49502,Autumn Air Home Services,https://autumnairbirmingham.com/,info@autumnairhvacal.com,https://autumnairbirmingham.com/wp-content/uploads/2022/12/cropped-Autumn-Air-Home-Services-Logo-Favicon-32x32.png,electrical,Birmingham,AL
b_aire-serv-of-birmi_ham_bama_67126,Aire Serv of Birmingham,https://www.aireserv.com/birmingham/?cid=LSTL_ASV-US000187&utm_source=gmb&utm_campaign=local&utm_medium=organic,,,hvac,Birmingham,AL
b_clark-heating-air-_ery_bama_86034,"Clark Heating, Air Conditioning & Plumbing",https://www.clarkcomfort.com/,,,plumbing,Montgomery,AL
b_roto-rooter-montgo_ery_bama_52286,Roto Rooter,http://www.rotorooteralabama.com/,,https://rotorooteralabama.com/wp-content/uploads/2025/07/Roto-Rooter-Plumbing-and-Drain-Service-Millbrook-Alabama.png,plumbing,Montgomery,AL
b_home-pros-plumbing_ery_bama_68003,"Home Pros Plumbing, Heating and Air",https://alabamahomepros.com/?utm_source=gmb,,https://alabamahomepros.com/wp-content/uploads/2021/02/cropped-Favicon-1-32x32.png,plumbing,Montgomery,AL
b_3d-air-services-ll_ham_bama_67474,"3D Air Services, LLC",https://3dairserve.com/,,,hvac,Birmingham,AL
b_one-source-heating_ham_bama_57049,"One Source Heating, Cooling, Plumbing & Electrical",https://www.onesourceair.com/?utm_source=gmb&utm_medium=organic&utm_campaign=listing,,,plumbing,Birmingham,AL
b_montgomery-oversto_ery_bama_43918,Montgomery Overstock,http://montgomeryoverstock.com/,,,electrical,Montgomery,AL
b_idea-roofing-birmi_ham_bama_05465,Idea Roofing,https://www.idearoofingandconstruction.com/,idearoofingal@gmail.com,https://iuguoryuevjnmdejvwes.supabase.co/storage/v1/object/public/logos/logos/b_idea-roofing-birmi_ham_bama_05465.png,roofing,Birmingham,AL
b_myers-comfort-spec_ery_bama_23225,Myers Comfort Specialists of Montgomery,https://myers-air.com/,,https://www.myers-air.com/logo/White-M-icon-circle.png,plumbing,Montgomery,AL
b_edwards-plumbing-a_ery_bama_20767,Edwards Plumbing and Heating,https://edwardsplumbing.com/,,,plumbing,Montgomery,AL
b_schitt-s-plumbing-_ery_bama_96832,Schitt's Plumbing LLC,https://www.schittsplumbing.com/,,,plumbing,Montgomery,AL
b_keith-the-plumber-_ham_bama_21784,Keith The Plumber LLC,https://keith-the-plumber.com/,,,plumbing,Birmingham,AL
b_trustworthy-electr_ery_bama_37241,Trustworthy Electric,https://www.trustworthyelectric.net/?utm_source=google&utm_medium=organic&utm_campaign=gmb-profile-montgomery,,https://www.trustworthyelectric.net/wp-content/uploads/2021/12/cropped-tworthy-favi-32x32.png,electrical,Montgomery,AL
b_the-neighborhood-p_ham_bama_00630,The Neighborhood Plumber Inc,https://www.theneighborhoodplumber.com/,,https://www.theneighborhoodplumber.com/assets/Social-Share.jpg.webp,plumbing,Birmingham,AL
b_air-conditioning-b_ery_bama_87235,Air Conditioning by Luquire,https://www.acbyluquire.com/,,,plumbing,Montgomery,AL
b_shepherd-electric-_ham_bama_45773,"Shepherd Electric Company, Inc.",https://www.shepherd-electric.net/,,https://iuguoryuevjnmdejvwes.supabase.co/storage/v1/object/public/logos/logos/b_shepherd-electric-_ham_bama_45773.jpg,electrical,Birmingham,AL
b_superior-service-e_ham_bama_91781,Superior Service Electric,https://superiorservice247.com/,,https://www.superiorservice247.com/fbm-data/images/favicon.png,electrical,Birmingham,AL
b_harrison-heating-a_ery_bama_69791,Harrison Heating & Air,https://harrisonheatingandair.com/heating,,https://harrisonheatingandair.com/wp-content/uploads/2025/11/logo-1-150x135.webp,hvac,Montgomery,AL
b_i-am-roofing-montg_ery_bama_24429,I AM Roofing,https://iamroofing.com/,,,roofing,Montgomery,AL
b_green-valley-roofi_ham_bama_57902,Green Valley Roofing & Construction,https://greenvalleyroofers.com/,,,roofing,Birmingham,AL
b_hiller-plumbing-he_ham_bama_00981,"Hiller Plumbing, Heating, Cooling & Electrical",https://happyhiller.com/locations/birmingham/?utm_source=gmb&utm_medium=localseo&utm_campaign=local&se_campaign=Internet-LocalSEO,,https://happyhiller.com/wp-content/uploads/2019/04/favicon.ico,plumbing,Birmingham,AL
b_mr-handyman-of-bir_ham_bama_02983,Mr. Handyman of Birmingham,https://www.mrhandyman.com/birmingham/?cid=LSTL_MHM000197&utm_source=gmb&utm_campaign=local&utm_medium=organic,,,kitchen-remodeling,Birmingham,AL
b_air-experts-birmin_ham_bama_59974,Air Experts,https://www.theairexperts.net/?utm_source=google&utm_medium=organic&utm_campaign=gbpbirmingham,office@theairexperts.com,https://iuguoryuevjnmdejvwes.supabase.co/storage/v1/object/public/logos/logos/b_air-experts-birmin_ham_bama_59974.png,hvac,Birmingham,AL
b_blue-angels-roofin_ham_bama_95089,Blue Angels Roofing Birmingham,http://www.blueangelsroofing.com/,,,roofing,Birmingham,AL
b_yellowhammer-roofi_ham_bama_37975,"Yellowhammer Roofing, Inc.",https://www.yellowhammerroofing.com/service-area/central-alabama-service-area/?UTM_source=GMB_listing&UTM_medium=organic,,,roofing,Birmingham,AL
b_one-call-roofing-l_ham_bama_39191,"One Call Roofing, LLC",https://www.onecallroofing.com/,no-reply@onecallroofing.com,https://www.onecallroofing.com/wp-content/uploads/icon-150x150.png,roofing,Birmingham,AL
b_river-region-heati_ery_bama_65990,River Region Heating and Cooling,http://rrhc.cool/,,https://iuguoryuevjnmdejvwes.supabase.co/storage/v1/object/public/logos/logos/b_river-region-heati_ery_bama_65990.png,hvac,Montgomery,AL
b_homepros-plumbing-_ery_bama_80392,HomePros plumbing heating and air.,http://alabamahomepros.com/,,https://alabamahomepros.com/wp-content/uploads/2021/02/cropped-Favicon-1-32x32.png,plumbing,Montgomery,AL
b_the-roofing-dudes-_ham_bama_95427,The Roofing Dudes,https://theroofingdudes.com/?utm_source=GBP&utm_medium=organic,,,roofing,Birmingham,AL
b_sentry-heating-air_ham_bama_77304,"Sentry Heating, Air Conditioning, Plumbing, & Electrical",https://sentryheating.com/,,,plumbing,Birmingham,AL
b_elite-pool-service_ham_bama_94798,Elite Pool Services,https://elitepoolservices.com/,info@elitepoolservices.com,https://elitepoolservices.com/images/favico.png,kitchen-remodeling,Birmingham,AL
b_iron-mountain-drai_ham_bama_03686,Iron Mountain Drains & Plumbing And Construction,http://www.ironmountainworld.com/,,https://www.bigscoots.com/hosting-server-check/favicon.png,plumbing,Birmingham,AL
b_southern-industrie_ham_bama_08694,Southern Industries Home Improvements,https://southernindustries.com/birmingham-al/?utm_source=google&utm_medium=organic&utm_campaign=local&leadsource=gbh,,https://southernindustries.com/wp-content/uploads/2022/03/cropped-icon-32x32.png,roofing,Birmingham,AL
b_dj-and-sons-at-you_ery_bama_48855,DJ and Sons At Your Service LLC,https://www.facebook.com/DreamDC93/,,,kitchen-remodeling,Montgomery,AL
b_scout-home-service_ham_bama_28126,Scout Home Services - Birmingham,https://scouthome.services/,,,electrical,Birmingham,AL
b_lake-martin-heatin_ery_bama_02762,"Lake Martin Heating & Air Conditioning, LLC",http://lakemartinhvac.com/,,https://lakemartinhvac.com/wp-content/uploads/sites/22/2022/06/cropped-Square-logo-32x32.jpeg,hvac,Montgomery,AL
b_alabama-roofing-pr_ham_bama_79476,Alabama Roofing Professionals,https://alroofpros.com/,,https://cdn.hibuwebsites.com/e5762643002543e4934836525315f863/site_favicon_16_1783611379233.ico,roofing,Birmingham,AL
b_hans-heating-and-a_ery_bama_05609,Hans Heating and Air,https://www.834hans.com/?utm_source=google&utm_medium=organic&utm_campaign=gbp,,,electrical,Montgomery,AL
b_servpro-of-montgom_ery_bama_29372,SERVPRO of Montgomery,https://www.servpro.com/locations/al/servpro-of-montgomery?utm_medium=organic&utm_source=gbp,,https://www.servpro.com/favicon-32x32.png?v=fe13b2f4b4b419f2bd47c54d8683aec2,plumbing,Montgomery,AL
b_western-sales-serv_ham_bama_35868,"Western Sales & Services, Inc.",https://westernsalesandservices.com/?utm_source=google+business+listing&utm_medium=organic&utm_campaign=click-to-website,,,plumbing,Birmingham,AL
b_black-dog-plumbing_ham_bama_71117,Black Dog Plumbing,https://blackdog-plumbing.com/,blackdogplumbingllc@gmail.com,https://iuguoryuevjnmdejvwes.supabase.co/storage/v1/object/public/logos/logos/b_black-dog-plumbing_ham_bama_71117.png,plumbing,Birmingham,AL
b_paradise-heating-a_ham_bama_16261,Paradise Heating and Air,http://paradiseheatingandairal.com/,,https://paradiseheatingandairal.com/wp-content/uploads/2024/01/cropped-Paradise-Heating-and-Air-HVAC-Birmingham-Alabama-Icon-32x32.png,hvac,Birmingham,AL
b_apex-roofing-resto_ham_bama_74310,Apex Roofing & Restoration,http://www.apexroofs.com/,,,roofing,Birmingham,AL
b_cohens-electronics_ery_bama_67604,"Cohens Electronics and Appliances, Inc.",http://www.thinkcohens.com/,,,plumbing,Montgomery,AL
b_best-choice-roofin_ham_bama_72546,Best Choice Roofing,https://bestchoiceroofing.com/birmingham/?utm_source=gmb&utm_medium=organic&utm_campaign=birmingham,,,roofing,Birmingham,AL
b_temperaturepro-bir_ham_bama_12623,TemperaturePro,https://temperaturepro.com/pelham-al/?utm_source=google&utm_medium=organic&utm_campaign=gbp-pelham,,,hvac,Birmingham,AL
b_re-bath-birmingham_ham_bama_70724,Re-Bath,https://www.rebath.com/location/birmingham/?utm_source=google&utm_medium=organic&utm_campaign=gmb,,,bathroom-remodeling,Birmingham,AL
b_drain-werks-birmin_ham_bama_46573,Drain Werks,https://drainwerks.com/?utm_source=gmb&utm_medium=organic,,,plumbing,Birmingham,AL
b_chapman-plumbing-b_ham_bama_59531,Chapman Plumbing,https://chapmanplumbingal.com/,,,plumbing,Birmingham,AL
b_southern-armature-_ham_bama_60200,Southern Armature Works,https://www.southernarmatureworks.com/,,https://i0.wp.com/southernarmatureworks.com/wp-content/uploads/2024/11/cropped-southern_armature_logo.png?fit=32%2C32&ssl=1,electrical,Birmingham,AL
b_skyward-air-repair_ham_bama_36688,Skyward Air Repair Heating Air,https://www.airrepairal.com/service-area/hvac-services-irondale-al/?utm_source=gmb&utm_medium=organic,al@airrepairal.com,https://www.airrepairal.com/wp-content/uploads/cropped-favicon-air-repair-al-1-32x32.png,hvac,Birmingham,AL
b_drainblaster-plumb_ham_bama_54243,Drainblaster Plumbing,http://www.birminghamplumbinganddrainservice.com/,,,plumbing,Birmingham,AL
b_guyette-roofing-an_ery_bama_32637,Guyette Roofing and Construction,http://www.guyetteroofing.com/,,https://multitenantplatform.blob.core.windows.net/tenant-59/branding-assets/72a893e2-f3aa-4acb-8711-89b5a2f7e1b5.png,roofing,Montgomery,AL
b_o-neal-service-pro_ham_bama_86378,O’Neal Service Pros,http://onealservicepros.com/,,,plumbing,Birmingham,AL
b_capitol-city-roofi_ery_bama_21043,"Capitol City Roofing, LLC",http://www.capitolcityroofing.com/,,,roofing,Montgomery,AL
b_hinkle-roofing-bir_ham_bama_96491,Hinkle Roofing,http://www.hinkleroofing.com/?utm_campaign=gmb,,https://www.hinkleroofing.com/wp-content/uploads/2019/07/favicon-75x75.jpg,roofing,Birmingham,AL
b_homeworx-birmingha_ham_bama_48457,Homeworx Birmingham,https://homeworxbham.com/,,https://homeworxbham.com/wp-content/uploads/2025/09/cropped-Homeworx_favicon-32x32.png,roofing,Birmingham,AL
b_alabama-s-best-hea_ery_bama_33584,Alabama's Best Heating Air & Home Repair,https://alabamasbesthvac.com/,,https://alabamasbesthvac.com/wp-content/uploads/2023/03/LOGO-BEST-modified-200-100x100.png,hvac,Montgomery,AL
b_gmq-tops-of-montgo_ery_bama_90435,GMQ Tops of Montgomery,https://gmqtops.com/montgomery/?utm_source=google&utm_medium=organic&utm_campaign=gbp&utm_content=montgomery,info@gmqtops.com,https://gmqtops.com/wp-content/uploads/2023/01/cropped-cropped-logo-b-32x32.png,kitchen-remodeling,Montgomery,AL
b_j-w-lawson-plumbin_ham_bama_43543,J.W. Lawson Plumbing,https://jwlawsonplumbing.com/,,,plumbing,Birmingham,AL
b_brightwire-electri_ery_bama_40951,BrightWire Electrical Solutions,https://getbrightwire.com/,,https://getbrightwire.com/wp-content/uploads/2024/10/BrightWire-Electrical-Solutions-Electrician-Services-Favicon-150x150.png,electrical,Montgomery,AL
b_eagle-roofing-and-_ham_bama_91534,Eagle Roofing and Construction,https://eagledoesitright.com/,eagle@eagledoesitright.com,https://eagledoesitright.com/favicon.ico,roofing,Birmingham,AL
b_elite-roofing-llc-_ham_bama_37213,Elite Roofing LLC,https://www.eliteroofpro.com/elite-general-contracting/leading-roofer-in-birmingham,,,roofing,Birmingham,AL
b_southern-guard-roo_ham_bama_99941,Southern Guard Roofing,https://www.sgrroofing.com/,,https://www.sgrroofing.com/site/wp-content/themes/nw-southernguard/favicon.ico?v=6,roofing,Birmingham,AL
b_habitat-for-humani_ery_bama_19798,Habitat For Humanity Montgomery Restore,https://www.montgomeryrestore.org/,,https://static.parastorage.com/client/pfavico.ico,kitchen-remodeling,Montgomery,AL
b_fire-ice-heating-a_ery_bama_74937,"Fire & Ice Heating & Air, LLC",https://fireiceair.com/,,,hvac,Montgomery,AL
b_southern-home-stru_ham_bama_00095,Southern Home Structural Specialist,https://foundationsunlimited.com/?utm_source=gmb&utm_medium=organic,southernhomestructural@gmail.com,https://foundationsunlimited.com/wp-content/uploads/2018/08/foundations-favi-150x150.png,kitchen-remodeling,Birmingham,AL
b_hemphill-services-_ham_bama_48576,Hemphill Services,https://hemphillservices.com/,,,plumbing,Birmingham,AL
b_to-the-rescue-birm_ham_bama_64522,To The Rescue!,http://www.totherescuebirmingham.com/,totherescueoffice@gmail.com,https://totherescuebirmingham.com/wp-content/uploads/2020/03/avada-plumber.png,kitchen-remodeling,Birmingham,AL
b_alabama-cooling-an_ham_bama_25998,Alabama Cooling and Heating,https://alabamahvacservices.com/?utm_source=google&utm_medium=organic&utm_campaign=gmb,,,hvac,Birmingham,AL
b_hyde-roofing-birmi_ham_bama_24369,Hyde Roofing,https://hyderoofing.com/roofing-contractor-birmingham-al/,,https://i0.wp.com/hyderoofing.com/wp-content/uploads/2022/03/cropped-Hyde-Roofing-Site-Icon-1.png?fit=32%2C32&ssl=1,roofing,Birmingham,AL
b_legacy-electrical-_ham_bama_83252,Legacy Electrical Service,http://mylegacyelectrical.com/,office@mylegacyelectrical.com,https://i0.wp.com/mylegacyelectrical.com/wp-content/uploads/2023/03/untitled-design.png?fit=32%2C32&ssl=1,electrical,Birmingham,AL
b_clean-concepts-inc_ery_bama_25163,Clean Concepts Inc,https://cleanconceptsinc.net/,,https://cleanconceptsinc.net/wp-content/uploads/2025/07/cropped-5ebf0689409cc-32x32.webp,hvac,Montgomery,AL
b_abide-roofing-birm_ham_bama_15885,Abide Roofing,https://www.abideroof.com/,info@abideroof.com,https://cdn.prod.website-files.com/6800d18d7d8f76df51fbd505/681f001f80a109ff69941d15_21.png,roofing,Birmingham,AL
b_superior-plumbing-_ham_bama_27406,Superior Plumbing & Drain,https://superiorplumbingbhm.com/,,https://superiorplumbingbhm.com/images/favico.png,plumbing,Birmingham,AL
b_star-electric-llc-_ery_bama_64642,Star Electric LLC,https://starelectric.energy/,,"https://img1.wsimg.com/isteam/ip/3774900a-cef9-4268-a455-96344cdfc9cc/favicon/0b1dc9e3-7e90-47d5-886f-e020def51cb5/be738ee9-f651-4272-8209-c2ba265d79ef.jpg/:/rs=w:16,h:16,m",electrical,Montgomery,AL
b_douglas-cooling-he_ham_bama_86223,Douglas Cooling Heating Electrical Plumbing,https://www.douglascoolingandheating.com/?utm_source=gbp&utm_medium=organic,,,plumbing,Birmingham,AL
b_coleson-plumbing-g_ham_bama_75844,"Coleson Plumbing & Gas , Plumber, Sewer line repair, Tankless Water heater repair & Water Damage Restoration Birmingham, AL",http://colesonplumbing.com/,info@colesonplumbing.com,https://static.wixstatic.com/media/f63383_32d3649b6a7047739aa4394a40cbcd81%7Emv2.png/v1/fill/w_192%2Ch_192%2Clg_1%2Cusm_0.66_1.00_0.01/f63383_32d3649b6a7047739aa4394a40cbcd81%7Emv2.png,plumbing,Birmingham,AL
b_in-and-out-floorin_ham_bama_97834,In and Out Flooring,https://inandoutflooring.com/,,,flooring,Birmingham,AL
b_barrett-heating-co_ery_bama_11975,Barrett Heating & Cooling LLC,http://www.barrettcooling.com/,,https://barrettcooling.com/wp-content/uploads/2018/03/Barrett-Favicon-150x150.png,hvac,Montgomery,AL
b_airloc-birmingham_ham_bama_24199,Airloc,http://www.airloc.net/,admin@airloc.net,https://static.wixstatic.com/media/936af9_1d27a703c2e6438b818eda73ad656fc6.png/v1/fill/w_192%2Ch_192%2Clg_1%2Cusm_0.66_1.00_0.01/936af9_1d27a703c2e6438b818eda73ad656fc6.png,hvac,Birmingham,AL
b_stegall-heating-ai_ham_bama_97076,"Stegall Heating, Air Conditioning, and Plumbing",https://callstegall.com/,,https://callstegall.com/media/favicon.png,plumbing,Birmingham,AL
b_plus-one-heating-a_ham_bama_65594,Plus One Heating and Air,https://www.plusoneheatingandair.com/,,https://www.plusoneheatingandair.com/images/Social-Share.jpg,hvac,Birmingham,AL
b_reeder-roofing-llc_ham_bama_31037,Reeder Roofing LLC,https://www.reederservices.com/?utm_source=google-listing&utm_medium=organic&utm_campaign=geotarget-business-listing,reederroofing@gmail.com,https://reederservices.com/images/RR-logo.png,roofing,Birmingham,AL
b_brewer-roofing-con_ham_bama_23174,Brewer Roofing & Construction,https://brewerroofingandconstruction.com/,,https://brewerroofingandconstruction.com/wp-content/uploads/2021/05/cropped-Favicon-32x32.png,roofing,Birmingham,AL
b_lovelady-electrica_ham_bama_87116,Lovelady Electrical Contractors,http://www.loveladyelectricalbham.com/,,https://primary.jwwb.nl/public/r/r/z/temp-kgkbqgengqsmbbawpjwg/gedfwk/clp_643eb6a32f3c4.jpg,electrical,Birmingham,AL
b_home-commercial-se_ham_bama_92346,"Home & Commercial Services, LLC",https://hollandhcs.com/,contact@hollandhcs.com,https://cdn.prod.website-files.com/690e1fe0f16274da19e32102/690ea0c7dd1966156efc620e_favicon-32x32.png,hvac,Birmingham,AL
b_aire-serv-of-montg_ery_bama_43257,Aire Serv of Montgomery,https://www.aireserv.com/montgomery-auburn/?cid=LSTL_ASV-US000187&utm_source=gmb&utm_campaign=local&utm_medium=organic,,,hvac,Montgomery,AL
b_roofing-world-mont_ery_bama_25424,Roofing World,https://roofingworldal.com/locations/montgomery-al/?utm_source=bing&utm_medium=cpc&utm_term=roofing&utm_content=Roofing,,,roofing,Montgomery,AL
b_airtight-heating-c_ery_bama_23870,"AirTight Heating & Cooling, LLC",http://www.callairtight.com/,,https://iuguoryuevjnmdejvwes.supabase.co/storage/v1/object/public/logos/logos/b_airtight-heating-c_ery_bama_23870.jpg,hvac,Montgomery,AL
b_s-tek-heating-air-_ham_bama_78219,S-Tek Heating & Air,https://www.stekheatingandair.com/,,,hvac,Birmingham,AL
b_dawson-true-servic_ham_bama_38168,Dawson True Services LLC.,https://www.dawsontruehvac.com/,sales@dawsontruehvac.com,https://static.wixstatic.com/media/f2b9c0_c3f10a42ce86406283f9d95c4bb458b9%7Emv2.png/v1/fill/w_192%2Ch_192%2Clg_1%2Cusm_0.66_1.00_0.01/f2b9c0_c3f10a42ce86406283f9d95c4bb458b9%7Emv2.png,hvac,Birmingham,AL
b_bs-plumbing-llc-bi_ham_bama_24550,BS Plumbing LLC,https://www.bsplumbingllc.com/,,,plumbing,Birmingham,AL
b_nick-s-heating-and_ham_bama_61308,Nick's Heating and Cooling,https://callnicksheatingandcooling.com/birmingham-hvac-contractor/,,,hvac,Birmingham,AL
b_magnum-constructio_ham_bama_56917,Magnum Construction LLC,https://www.magnumroofs.com/,jobs@magnumroofs.com,https://images.squarespace-cdn.com/content/v1/64138fe14aa2d17798c2d035/533668f8-b820-4264-b57d-9b448999150a/favicon.ico?format=100w,roofing,Birmingham,AL
b_alabama-plumbing-s_ham_bama_76656,"Alabama Plumbing Services, LLC",https://alabamaplumbingservices.com/,,https://alabamaplumbingservices.com/images/favicon.png,plumbing,Birmingham,AL
b_brasher-plumbing-s_ham_bama_71351,Brasher Plumbing Solutions,https://brasherplumbingsolutions.net/,,https://assets.cdn.filesafe.space/khaAjizbv5eGxkhmqtwD/media/69eb12030d66f2a665c127a6.png,plumbing,Birmingham,AL
b_b-d-electric-motor_ham_bama_85558,B & D Electric Motor Co,http://www.banddelectricmotorco.com/,,,electrical,Birmingham,AL
b_bath-innovations-o_ery_bama_11983,Bath Innovations of Alabama,https://bathinnovations.com/,,https://cmsplatform.blob.core.windows.net/wwwbathinnovationscom/favicon/favicon.png?v=10:27%20PM,bathroom-remodeling,Montgomery,AL
b_roofing-world-birm_ham_bama_25424,Roofing World,https://roofingworldal.com/locations/birmingham-al/?utm_source=bing&utm_medium=cpc&utm_term=roofing&utm_content=Roofing,,,roofing,Birmingham,AL
b_latta-plumbing-ser_ham_bama_37380,Latta Plumbing Service,https://www.lattaplumbing.com/,michele@lattaplumbingservice.com,https://www.lattaplumbing.com/wp-content/uploads/2019/10/cropped-latta_favicon-192x192.png ,plumbing,Birmingham,AL
b_frontier-roofing-c_ham_bama_43921,Frontier Roofing Co,https://frontierroofingco.com/,,,roofing,Birmingham,AL
b_bailey-s-electrica_ham_bama_73224,"Bailey's Electrical Services and Technicians, LLC",https://www.facebook.com/BESTLLC2021/,,,electrical,Birmingham,AL
b_btrained-hvac-trai_ham_bama_43504,"BTrained, HVAC Training",http://www.btrained.net/,,https://www.btrained.net/media/system/images/joomla-favicon.svg,hvac,Birmingham,AL
b_casper-heating-and_ham_bama_32373,Casper Heating and Cooling,https://www.casper-hvac.com/service-areas/birmingham/?utm_source=core70&utm_medium=organic&utm_campaign=websiteurl,,https://www.casper-hvac.com/wp-content/uploads/2026/01/Favicon.svg,hvac,Birmingham,AL
b_ridgeline-roofing-_ham_bama_98501,Ridgeline Roofing & Restoration,https://ridgeline-roofing.com/,,,roofing,Birmingham,AL
b_cahaba-roofing-and_ham_bama_42955,Cahaba Roofing and Remodeling,https://cahabarnr.com/?utm_campaign=gmb,sales@cahabarnr.com.com,https://cahabarnr.com/wp-content/uploads/2022/05/cropped-ROOFING1-1-32x32.png,roofing,Birmingham,AL
b_gipson-heating-air_ham_bama_15329,Gipson Heating & Air Conditioning LLC,https://www.gipsonheatingandair.com/,,https://gipsonheatingandair.com/wp-content/uploads/sites/48/2025/04/Home-Gipson-Heating-and-Air-AC-Repair-Air-Conditioning-Repair-Alabama-Birmingham-Gardendale-Trussville-HVAC-Experts-Heating-Heater-Repair-Furnace-Heat-Pump-Replacement.jpg,hvac,Birmingham,AL
b_one-call-remodel-b_ham_bama_58311,One Call Remodel,http://onecallremodel.com/,,https://www.onecallremodel.com/wp-content/uploads/One-Call-Remodel-Birmingham-Favicon.png,kitchen-remodeling,Birmingham,AL
b_s-s-plumbing-servi_ham_bama_11817,S&S Plumbing Service,https://sandsplumbingservice.tiiny.site/,,https://tiiny.host/assets/logo-purple-bg.png,plumbing,Birmingham,AL
b_a-m-windows-and-re_ery_bama_86964,A&M Windows and Remodeling,http://am-windows.com/,iinfo@am-windows.com,https://am-windows.com/wp-content/uploads/2022/02/cropped-AM-Logo-White-Background-32x32.png,kitchen-remodeling,Montgomery,AL
b_alabama-reliable-r_ham_bama_81334,Alabama Reliable Roofing,http://alabamareliableroofing.com/,contact@alabamareliableroofing.com,https://storage.googleapis.com/msgsndr/OOD7XioEWiKkdOwqfpT7/media/6658924928bf550577dd1b42.webp,roofing,Birmingham,AL
b_asap-plumbing-plum_ham_bama_32849,"ASAP Plumbing | Plumber, Sewer Line Repair, Drain Cleaning & Tankless Water",https://asapplumb.com/,,https://asapplumb.com/wp-content/uploads/2025/08/favicon-150x150.png,plumbing,Birmingham,AL
b_ward-electric-mont_ery_bama_07967,Ward Electric,https://www.wardelectricllc.com/?utm_source=gbp&utm_medium=organic,,https://lh3.googleusercontent.com/3bPxmtURDMLVREfa527WAR-9pyoYO3Ea2sD-tSYqmLW8nKpiR23QcuTCSuh71Rb76_CtYH0CL7YdFtmzfeSHKDH3q5zfbjkBSQ=s32,electrical,Montgomery,AL
b_skyline-roofing-an_ham_bama_29694,Skyline Roofing and Exteriors,https://skylineroofandexteriors.com/greystone-roofing-contractor/,,,roofing,Birmingham,AL
b_sullivan-service-c_ham_bama_14661,Sullivan Service Co,http://sullivanserviceco.com/,,http://sullivanserviceco.com/apple-touch-icon-76x76.png,hvac,Birmingham,AL
b_prantl-heating-coo_ham_bama_03180,Prantl Heating | Cooling,https://callprantl.com/?utm_source=GBPListing&utm_medium=organic,,https://callprantl.com/wp-content/uploads/2025/01/Prantl-fav.png,hvac,Birmingham,AL
b_rheem-water-manufa_ery_bama_82119,Rheem Water Manufacturing Facility,http://www.rheem.com/,,https://files.rheem.com/blobazrheem/wp-content/uploads/sites/2/cropped-rheem-512x512-1-32x32.png,plumbing,Montgomery,AL
b_montgomery-electri_ery_bama_64302,Montgomery Electrical,http://montgomeryelectrical.com.au/,,https://images.squarespace-cdn.com/content/v1/6428b8f84920de15a91fcca3/580621bc-4369-48fe-9edf-2e7c47e95309/favicon.ico?format=100w,electrical,Montgomery,AL
b_higher-roof-soluti_ham_bama_61022,Higher Roof Solutions,https://higherroofsolutions.com/,,,roofing,Birmingham,AL
b_engle-services-hea_ham_bama_82621,Engle Services Heating & Air - Electrical - Plumbing,https://engleservicesheatingandair.com/birmingham-heating-and-air/,,https://engleservicesheatingandair.com/wp-content/uploads/2021/01/cropped-favicon-150x150.png,plumbing,Birmingham,AL
b_zoom-drain-birming_ham_bama_75752,Zoom Drain Birmingham,https://www.zoomdrain.com/birmingham,support@zoomdrain.com,https://www.zoomdrain.com/images/social-share/Zoom-Drain-Social-Share.jpg,plumbing,Birmingham,AL
b_alabama-cooling-he_ham_bama_00710,Alabama Cooling & Heating,https://www.alabamacoolingandheating.com/,,https://stcdn.leadconnectorhq.com/funnel/icon/favicon.ico,hvac,Birmingham,AL
b_sloan-plumbing-hea_ery_bama_65790,"Sloan Plumbing & Heating, LLC.",http://sloanplumbingandheating.com/,,,plumbing,Montgomery,AL
b_brannon-electric-m_ham_bama_58266,Brannon Electric Motor Co,https://brannonmotor.com/,,,electrical,Birmingham,AL
b_alabama-power-mont_ery_bama_41467,Alabama Power,https://www.alabamapower.com/,,,electrical,Montgomery,AL
b_advantage-plus-roo_ham_bama_35140,Advantage Plus Roofing LLC: Alabama Roofer,https://www.advantageplusroofing.com/,contact@advantageplusroofing.com,https://assets.squarespace.com/universal/default-favicon.ico,roofing,Birmingham,AL
b_summit-renovation-_ham_bama_88676,"Summit Renovation, Inc",https://www.summitrenovation.com/,,,roofing,Birmingham,AL
b_blair-exteriors-bi_ham_bama_66881,Blair Exteriors,http://www.blairexteriors.com/,frontdesk@blairremodeling.com,https://static.parastorage.com/client/pfavico.ico,roofing,Birmingham,AL
b_steel-city-roofers_ham_bama_38315,Steel City Roofers,https://steelcityroofers.com/,rick@steelcityroofers.com,https://steelcityroofers.com/wp-content/uploads/2020/03/09a6ca4135b8a3f5ecb8a87797ebf9b4.png,roofing,Birmingham,AL
b_kool-koncepts-heat_ery_bama_86175,Kool Koncepts Heating & Air,https://koolkonceptsheatingandairllc.com/,,,hvac,Montgomery,AL
b_protech-constructi_ham_bama_32474,Protech Construction and Roofing LLC,https://protechroofingal.com/,alex@protechroofingal.com,https://images.squarespace-cdn.com/content/v1/66fb3bb03a5f7153057211b9/1e7f2f97-5c1e-49c7-9570-3a3e3b5db0f8/favicon.ico?format=100w,roofing,Birmingham,AL
b_innovative-roofing_ery_bama_35691,"Innovative Roofing Pros, LLC",https://iconstructionpros.com/?utm_source=google&utm_medium=organic&utm_campaign=gmb-primary-link,,,roofing,Montgomery,AL
b_cole-plumbing-mont_ery_bama_44043,Cole Plumbing,https://www.coleplumbing.com/,,https://www.coleplumbing.com/images/Social-Share.jpg,plumbing,Montgomery,AL
b_eagle-service-comp_ham_bama_39604,Eagle Service Company,https://eagleservicecompany.com/,customerservice@eagleservicecompany.com,https://eagleservicecompany.com/wp-content/uploads/logo_esc2.png,plumbing,Birmingham,AL
b_capps-co-roofing-b_ham_bama_97839,Capps & Co. Roofing,https://www.cappsandco.com/,jcapps@cappsandco.com,https://static.parastorage.com/client/pfavico.ico,roofing,Birmingham,AL
b_studio-c-architect_ham_bama_87991,"Studio C Architecture & Interiors, LLC",https://studiocarch.com/,info@studiocarch.com,https://studiocarch.com/wp-content/uploads/2024/12/cropped-circle-32x32.png,kitchen-remodeling,Birmingham,AL
b_bill-bradley-servi_ery_bama_38215,Bill Bradley Services,http://www.billbradleyservices.com/,,https://irp.cdn-website.com/7e238bc6/dms3rep/multi/Untitled+design+%2857%29.png,plumbing,Montgomery,AL
b_sabel-wholesale-ce_ery_bama_39719,Sabel Wholesale Center,http://www.sabelwholesale.com/,,,plumbing,Montgomery,AL
b_alabama-power-comp_ery_bama_17213,Alabama Power Company Southern Division Office,http://www.alabamapower.com/residential.html,,,electrical,Montgomery,AL
b_alabama-roof-rx-bi_ham_bama_00213,Alabama Roof RX,https://www.alabamaroofrx.com/?utm_source=gmb&utm_medium=organic,alroofrx@gmail.com,https://cdn.prod.website-files.com/69a7beaf5b77f0a254d58727/69b7b56e6337a915bf761a19_Alabama%20Roof%20RX-favicon-32x32.webp,roofing,Birmingham,AL
b_southface-renovati_ham_bama_09153,"SouthFace Renovations & Construction, LLC",http://birminghamremodelers.com/,office@gmail.com,https://birminghamremodelers.com/images/iico.png,kitchen-remodeling,Birmingham,AL
b_comfort-dynamics-c_ery_bama_61124,"Comfort Dynamics Cooling, Heating, Plumbing & Electrical",https://www.callcomfortdynamics.com/al/?utm_campaign=Google_GMB_Montgomery,,https://irp.cdn-website.com/45fdf47c/site_favicon_16_1742000892645.ico,plumbing,Montgomery,AL
b_hank-s-plumbing-re_ery_bama_18814,Hank's Plumbing Repair LLC,https://www.hanksplumbingal.com/,,,plumbing,Montgomery,AL
b_erie-home-montgome_ery_bama_63939,Erie Home,https://eriehome.com/locations/roofing/montgomery-al/?utm_source=gbp&utm_medium=roofing&utm_campaign=Montgomery,,,roofing,Montgomery,AL
b_kingfred-birmingha_ham_bama_58188,KingFred,https://kingfredco.com/,info@indiantypefoundry.com,"https://img1.wsimg.com/isteam/ip/379de537-ee2e-4e04-b6c0-305d16d4b704/kingfred_logo2.jpg/:/rs=w:57,h:57,m",electrical,Birmingham,AL
b_n-hance-over-the-m_ham_bama_43504,N-Hance Over the Mountain,https://www.nhance.com/overthemountain/,,,kitchen-remodeling,Birmingham,AL
b_wittichen-supply-c_ham_bama_05344,Wittichen Supply Company,https://www.wittichen-supply.com/,,https://www.wittichen-supply.com/favicon.ico,hvac,Birmingham,AL
b_alabama-discount-r_ham_bama_52603,Alabama Discount Roofing,https://alabamadiscountroofing.com/,info@alabamadiscountroofing.com,https://images.squarespace-cdn.com/content/v1/5eb6291cafe79e0fd49b81e7/de60d237-c1e3-4f65-8a08-ebc9009fa029/favicon.ico?format=100w,roofing,Birmingham,AL
b_v-w-supply-co-inc-_ham_bama_58805,V & W Supply Co Inc,https://www.vwplumbingsupply.com/?utm_campaign=gmb&utm_source=vw+website+bhm+gmb+,,https://irp.cdn-website.com/67d9ca5a/dms3rep/multi/VW-icon-2.png,plumbing,Birmingham,AL
b_superior-roofing-s_ham_bama_76886,Superior Roofing Solutions LLC,https://www.thesuperiorroof.com/,,,roofing,Birmingham,AL
b_noto-roofing-birmi_ham_bama_89906,Noto Roofing,http://www.notoroofing.com/,sammy@notoroofing.com,https://www.notoroofing.com/icon?a26aff563ce86e03,roofing,Birmingham,AL
b_innovative-mechani_ham_bama_85510,Innovative Mechanical,https://reedservicepro.com/,services@reedservicepro.com,https://reedservicepro.com/wp-content/uploads/2025/01/Reed-services-home-services-150x150.png,plumbing,Birmingham,AL
b_direct-line-plumbi_ham_bama_78457,Direct Line Plumbing Drain Gas & Water LLC,https://birminghamplumbingnearme.com/,directlineal@gamil.com,https://birminghamplumbingnearme.com/wp-content/uploads/2025/02/Direct_Line_Plumbing_Favicon.png,plumbing,Birmingham,AL
b_cahaba-valley-roof_ham_bama_09408,Cahaba Valley Roofing,https://cahabavalleyroofing.com/,cahabavalleyroofing@gmail.com,https://assets.squarespace.com/universal/default-favicon.ico,roofing,Birmingham,AL
b_gls-supply-birming_ham_bama_55338,GLS Supply,https://www.glssupply.com/,,,plumbing,Birmingham,AL
b_magnolia-plumbing-_ham_bama_33611,Magnolia Plumbing,https://www.magnoliaplumbing.co/,contact@magnoliaplumbing.co,https://irp.cdn-website.com/d817d1bb/dms3rep/multi/Logo-04c8e177.png,plumbing,Birmingham,AL
b_stephens-plumbing-_ham_bama_65630,Stephens Plumbing Inc,https://www.stephensplumbing.com/,,https://www.stephensplumbing.com/wp-content/uploads/2021/05/Logo-150x70.png,plumbing,Birmingham,AL
b_little-pigs-roofin_ham_bama_70547,Little Pigs Roofing,https://littlepigsroofing.com/,,https://s3-us-west-1.amazonaws.com/gosite-assets/image/favicon.ico,roofing,Birmingham,AL
b_usa-roofing-gutter_ham_bama_65701,"USA Roofing & Gutters, LLC",https://www.usaroofing.us/,chosen-sprite@2x.png,https://cdn-kflkl.nitrocdn.com/mYkHkXTLJQqUvfAZSUxRIOMiwcvCQDjH/assets/images/optimized/rev-5911e09/www.usaroofing.us/wp-content/uploads/2020/07/Screen-Shot-2021-10-01-at-2.38.28-PM-150x150.png,roofing,Birmingham,AL
b_arccon-roofing-com_ham_bama_84662,ArcCon Roofing Company,https://www.arcconroofing.com/,charlie@arcconbuilding.com,https://www.arcconroofing.com/wp-content/uploads/2025/08/NewArcConRoofingLogo-600w.webp,roofing,Birmingham,AL
b_m-m-electric-motor_ery_bama_64606,M & M Electric Motor Services,http://m-m-electric-motor.poi.place/,,https://edan.io/img/favicon.png,electrical,Montgomery,AL
b_u-s-shingle-roofin_ham_bama_58675,U.S. Shingle Roofing,https://shingleusa.com/,,,roofing,Birmingham,AL
b_wittichen-supply-c_ery_bama_38331,Wittichen Supply Co,http://wittichen-supply.com/locations/montgomery-store/,,,plumbing,Montgomery,AL
b_syntreme-renovatio_ham_bama_96915,Syntreme Renovation,http://www.syntremebuild.com/,,https://res2.yourwebsite.life/res/6887954e44307bee5bf004a8/6894b0e7a9aac4d1bc7a8874_optimized,roofing,Birmingham,AL
b_patriot-roofing-an_ham_bama_92135,Patriot Roofing and Builders LLC,https://www.patriotroofingbirmingham.com/,info@patriot-roof.com,https://www.patriotroofingbirmingham.com/icon.png?icon.128_.j0d1jknf.png?dpl=dpl_DyoMjj1ywtSz1XM8FPUJbykn8KBs,roofing,Birmingham,AL
b_inline-electric-su_ery_bama_81004,Inline Electric Supply Co. - Montgomery,https://www.inlineelectric.com/,,,electrical,Montgomery,AL
b_goodwyn-building-c_ery_bama_40527,Goodwyn Building Company,http://goodwynbuilding.com/,,https://goodwynbuilding.com/favicon.png,kitchen-remodeling,Montgomery,AL
b_infinity-air-solut_ham_bama_53351,"Infinity Air Solutions, Inc.",https://www.infinityairsolutions.com/,info@infinityairsolutions.com,https://static.wixstatic.com/media/e3d60d_27ce09f05bae421a9e1d13fe45c1d440%7Emv2.png/v1/fill/w_192%2Ch_192%2Clg_1%2Cusm_0.66_1.00_0.01/e3d60d_27ce09f05bae421a9e1d13fe45c1d440%7Emv2.png,hvac,Birmingham,AL
b_pennyearned-llc-mo_ery_bama_35240,"PennyEarned, LLC",http://pennyearned.co/,office@pennyearnedllc.com,https://stcdn.leadconnectorhq.com/funnel/icon/favicon.ico,kitchen-remodeling,Montgomery,AL
b_esi-services-birmi_ham_bama_83394,ESI Services,http://www.esiserviceshvac.com/,impallari@gmail.com,"https://img1.wsimg.com/isteam/ip/25f1b0ea-4406-40c6-a7fa-c355a9df68d7/favicon/d74fba1c-b7be-4d75-b724-4494fc6030a6/3ac539c5-52dc-426a-a112-8dc83baadb53.png/:/rs=w:16,h:16,m",hvac,Birmingham,AL
b_westgate-plumbing-_ery_bama_77426,Westgate Plumbing Services,https://westgateplumbingservices.com/prattville-al/,,,plumbing,Montgomery,AL
b_trinity-contractor_ham_bama_04780,Trinity Contractors,https://trin.com/,servicecalltrin@trin.com,https://trin.com/wp-content/uploads/2019/06/birmingham-cooling-heating.jpg,plumbing,Birmingham,AL
b_alabama-roof-detec_ham_bama_54708,"Alabama Roof Detectives, LLC",https://alroofdetectives.com/,chris@alroofdetectives.com,https://ueni-favicons.s3.eu-central-1.amazonaws.com/production/543d01e1ce6b49739eb0e7e4c116580d.png,roofing,Birmingham,AL
b_birmingham-roofs-b_ham_bama_25210,Birmingham Roofs,https://bhamroofs.com/,office@bhamroofs.com,https://static.wixstatic.com/media/eed7b2_b9a52beaac594ffe9c8d9f9bef82ab4b%7Emv2.png/v1/fill/w_192%2Ch_192%2Clg_1%2Cusm_0.66_1.00_0.01/eed7b2_b9a52beaac594ffe9c8d9f9bef82ab4b%7Emv2.png,roofing,Birmingham,AL
b_above-all-roofing-_ham_bama_17617,"Above All Roofing Professionals, LLC",https://aaroofpros.com/,phillip@aaroofpros.com,https://cdn.prod.website-files.com/690aa17893c421dd195cc4a8/6912adf0280ef627c50d110b_favicon-32x32.png,roofing,Birmingham,AL
b_ben-franklin-plumb_ery_bama_12244,Ben Franklin Plumbing,https://www.benjaminfranklinplumbing.com/montgomery-al/?utm_source=gbp&utm_medium=organic&utm_campaign=638361_-BF0162-,,https://www.benjaminfranklinplumbing.com/img/upload/bf-favicon_1.png,plumbing,Montgomery,AL
b_toles-remodeling-a_ery_bama_61693,Toles Remodeling & Addition,http://www.tolesremodeling.com/,tolestolesinc@gmail.com,https://tolesremodeling.com/wp-content/uploads/2023/01/image.jpg,kitchen-remodeling,Montgomery,AL
b_5-star-roofing-res_ham_bama_18544,5 Star Roofing & Restoration,https://5starroofer.com/5-star-roofing-and-restoration-in-birmingham-al/,,,roofing,Birmingham,AL
b_blankenship-heatin_ham_bama_19328,"Blankenship Heating & Cooling, LLC",http://bhacllc.com/,codyblankenshiphvac@gmail.com,https://static.wixstatic.com/media/af2943_48c31de6e8954c8383fe080b08ffe4e0%7Emv2.jpg/v1/fill/w_192%2Ch_192%2Clg_1%2Cusm_0.66_1.00_0.01/af2943_48c31de6e8954c8383fe080b08ffe4e0%7Emv2.jpg,hvac,Birmingham,AL
b_blue-angels-roofin_ham_bama_93139,Blue Angels Roofing,http://www.blueangelsroofing.com/,,,roofing,Birmingham,AL
b_wright-s-roofing-c_ery_bama_11924,Wright's Roofing & Contracting,https://wrightsroofingandcontracting.com/?utm_source=cumulus&utm_medium=onlinepresence&utm_campaign=gbp,,https://wrightsroofingandcontracting.com/wp-content/uploads/sites/35/2024/09/logo.jpg,roofing,Montgomery,AL
b_dnd-roofing-llc-mo_ery_bama_42364,"DND Roofing, LLC",https://dndroofingllc.com/,,https://stcdn.leadconnectorhq.com/funnel/icon/favicon.ico,roofing,Montgomery,AL
b_mk-electric-montgo_ery_bama_63084,MK Electric,http://www.mkelectrictx.com/,,https://mkelectrictx.com/wp-content/uploads/2019/09/logoWEB2.png,electrical,Montgomery,AL
b_timeless-roofing-s_ham_bama_78225,Timeless Roofing Solutions,https://capstoneroofingco.com/roof-replacement-2/,,,roofing,Birmingham,AL
b_john-s-plumbing-he_ham_bama_32939,John's Plumbing Heating and Cooling,https://www.johnsplumbingbham.com/,service.johnsplumbing@gmail.com,https://irp.cdn-website.com/419ad951/dms3rep/multi/John-s-Plumbing-Heating-and-Cooling-logo.webp,plumbing,Birmingham,AL
b_prestige-comfort-s_ery_bama_86258,"Prestige Comfort Services, LLC",http://www.prestigecomfortservices.com/,,,hvac,Montgomery,AL
b_e-r-maintenance-ll_ery_bama_88396,"E&R Maintenance, LLC",https://usabizlink.top/details/er-maintenance-llc-ChIJoVg,,https://businessesusa.com/favicon.ico,plumbing,Montgomery,AL
b_mighty-dog-roofing_ham_bama_04377,Mighty Dog Roofing of Birmingham,https://www.mightydogroofing.com/hoover-al,help@mightydogroofing.com,https://www.mightydogroofing.com/favicon/apple-touch-icon-57x57.png,roofing,Birmingham,AL
b_reliable-design-bu_ham_bama_86367,Reliable Design-Build-Remodel,https://www.reliablerem.com/,reliablerem@me.com,https://11b8207e.delivery.rocketcdn.me/wp-content/uploads/2022/12/favicon.jpg,kitchen-remodeling,Birmingham,AL
b_new-era-plumbing-i_ham_bama_95393,"New Era Plumbing, Inc.",https://newera-plumbing.com/,,,plumbing,Birmingham,AL
b_affordable-heating_ery_bama_27536,Affordable Heating and Air,https://www.affordableheatingandairal.com/,,,hvac,Montgomery,AL
b_hometown-heating-a_ery_bama_50440,Hometown Heating & Air,https://hometownacpros.com/,,"https://img1.wsimg.com/isteam/ip/7b22d536-16de-4c4d-943f-7b73e3a62b42/favicon/8dd8576e-b9fd-4533-9220-fdb9d4fa0f97.png/:/rs=w:16,h:16,m",hvac,Montgomery,AL
b_central-alabama-pl_ham_bama_48124,Central Alabama Plumbing,http://centralalplumbing.com/,services@centralalplumbing.com,https://static.wixstatic.com/media/cb70cd_3d81fdb2f3f04617b6694dca954f5103%7Emv2.png/v1/fill/w_192%2Ch_192%2Clg_1%2Cusm_0.66_1.00_0.01/cb70cd_3d81fdb2f3f04617b6694dca954f5103%7Emv2.png,plumbing,Birmingham,AL
b_monarch-roofing-bi_ham_bama_39051,Monarch Roofing,http://monarchroofingllc.com/,,,roofing,Birmingham,AL
b_alabama-stone-work_ham_bama_06720,Alabama Stone Works Inc,http://alabamastoneworks.com/,,,kitchen-remodeling,Birmingham,AL
b_thm-electrical-and_ham_bama_90576,THM ELECTRICAL AND MAINTENANCE SERVICES LLC,https://www.thmelectrical.com/,office@thmelectrical.com,https://static.parastorage.com/client/pfavico.ico,electrical,Birmingham,AL
b_argo-air-inc-heati_ham_bama_19037,Argo Air Inc. Heating & Cooling,https://argoairinc.com/,argoair@yahoo.com,https://irp.cdn-website.com/4137578d/site_favicon_16_1761924027148.ico,hvac,Birmingham,AL
b_metal-roofing-head_ham_bama_11154,Metal Roofing HeadQuarters,http://mrhqroofs.com/,contact@septicworksal.com,,roofing,Birmingham,AL
b_trade-flow-birming_ham_bama_43589,Trade Flow,http://tradeflowservices.com/,,https://iuguoryuevjnmdejvwes.supabase.co/storage/v1/object/public/logos/logos/b_trade-flow-birming_ham_bama_43589.png,plumbing,Birmingham,AL
b_deerman-plumbing-s_ham_bama_07373,"Deerman Plumbing Service, LLC",https://deermanplumbing.com/,,https://iuguoryuevjnmdejvwes.supabase.co/storage/v1/object/public/logos/logos/b_deerman-plumbing-s_ham_bama_07373.webp,plumbing,Birmingham,AL
b_rods-deck-repairs-_ham_bama_41654,Rods Deck Repairs,http://rodsdeckrepairs.com/,,,kitchen-remodeling,Birmingham,AL
b_river-region-contr_ery_bama_75615,"River Region Contracting, LLC",https://www.riverregioncontracting.com/?utm_source=google&utm_medium=organic&utm_campaign=gbp,,,roofing,Montgomery,AL
b_extra-care-plumbin_ham_bama_08267,"Extra Care Plumbing, LLC",https://www.extra-care-plumbing.com/,,,plumbing,Birmingham,AL
b_c-j-electrical-ser_ham_bama_54697,C&J Electrical Services LLC,https://cjelectricalservice.com/electrician-services-in-birmingham-al-usa-2/,,,electrical,Birmingham,AL
b_poe-plumbing-llc-b_ham_bama_99051,Poe Plumbing LLC,https://poeplumbingllc.com/,,,plumbing,Birmingham,AL
b_trotman-brothers-r_ery_bama_34135,"Trotman Brothers Roofing and Construction, LLC",https://www.trotmanbrothersroofing.com/?utm_source=GMBlisting&utm_medium=organic,,https://www.trotmanbrothersroofing.com/wp-content/uploads/2018/09/trotman-favicon.jpg,roofing,Montgomery,AL
b_proroofing-birming_ham_bama_66119,ProRoofing,https://proroofing.com/,,,roofing,Birmingham,AL
b_best-choice-roofin_ery_bama_72546,Best Choice Roofing,https://bestchoiceroofing.com/locations/alabama/montgomery/?utm_source=gmb&utm_medium=organic&utm_campaign=montgomery,,,roofing,Montgomery,AL
b_d-f-hughes-design-_ham_bama_57950,D. F. Hughes design | build,https://dfhughes.com/,,https://www.dfhughes.com/wp-content/uploads/2024/10/favicon.webp,bathroom-remodeling,Birmingham,AL
b_air-engineers-birm_ham_bama_22850,Air Engineers - Birmingham,https://www.aireng.com/,info@aireng.com,https://www.aireng.com/wp-content/uploads/2026/02/favicon.png,hvac,Birmingham,AL
b_twin-construction-_ham_bama_28958,"Twin Construction, Inc.",http://www.twincompanies.com/,toddlerphoto@2x-e1710165722885.jpg,https://twincompanies.com/wp-content/uploads/2019/06/cropped-favicon-2019-32x32.png,kitchen-remodeling,Birmingham,AL
b_marathon-electrica_ham_bama_89831,Marathon Electrical Contractors,http://marathonelectrical.com/,,https://static.wixstatic.com/media/619c2c_ba16a66549c6488db3b7846add45dd48%7Emv2.png/v1/fill/w_192%2Ch_192%2Clg_1%2Cusm_0.66_1.00_0.01/619c2c_ba16a66549c6488db3b7846add45dd48%7Emv2.png,electrical,Birmingham,AL
b_iron-city-heating-_ham_bama_70346,"Iron City Heating and Air, Inc",https://ironcityhvac.com/,ironcitycooling@yahoo.com,https://ironcityhvac.com/wp-content/uploads/2022/12/Iron-City-HVAC-Logo-12.1.22-252-x-150.png,hvac,Birmingham,AL
b_sanford-and-associ_ery_bama_86083,Sanford and Associates LLC,https://sanfordandassociates.squarespace.com/,,,roofing,Montgomery,AL
b_lisenby-constructi_ery_bama_34513,"Lisenby Construction, Inc.",https://lisenbyconstruction.com/?utm_source=NEXT&utm_medium=Google_website,,,kitchen-remodeling,Montgomery,AL
b_elm-construction-l_ham_bama_06102,ELM Construction LLC,https://www.elmbuilds.com/,info@elmbuilds.com,https://images.squarespace-cdn.com/content/v1/6104688de0948d21c58fdea1/5e780ab6-a56f-427d-99b7-ff3723a949e9/favicon.ico?format=100w,bathroom-remodeling,Birmingham,AL
b_all-the-above-serv_ery_bama_49248,All The Above Services LLC,https://www.alltheaboveservicesllc.com/,,,kitchen-remodeling,Montgomery,AL
b_cahaba-valley-plum_ham_bama_67635,Cahaba Valley Plumbing,http://www.cahabavalleyplumbing.net/,cahabavalleyplumbing@gmail.com,https://static.wixstatic.com/media/72e6bd_a14a4632179e455c9dbae57f387a6d46%7Emv2.jpg/v1/fill/w_192%2Ch_192%2Clg_1%2Cusm_0.66_1.00_0.01/72e6bd_a14a4632179e455c9dbae57f387a6d46%7Emv2.jpg,plumbing,Birmingham,AL
b_apex-home-renovati_ham_bama_86659,Apex Home Renovation Experts,https://apexhomexperts.com/,,,kitchen-remodeling,Birmingham,AL
b_birmingham-winsupp_ham_bama_00898,Birmingham Winsupply,https://www.birminghamwinsupply.net/,,,plumbing,Birmingham,AL
b_engle-services-hea_ery_bama_82621,Engle Services Heating & Air - Electrical - Plumbing,https://engleservicesheatingandair.com/wetumpka-heating-and-air/,,https://engleservicesheatingandair.com/wp-content/uploads/2021/01/cropped-favicon-150x150.png,plumbing,Montgomery,AL
b_hot-bothered-heati_ham_bama_48415,Hot & Bothered Heating & Cooling,https://hnbhvac.com/,,https://www.hnbhvac.com/uploads/1/9/0/7/19079709/editor/hot-botheredgraphic-04.png?1742081077,hvac,Birmingham,AL
b_brasfield-gorrie-b_ham_bama_52894,Brasfield & Gorrie,https://www.brasfieldgorrie.com/office/birmingham/,,,kitchen-remodeling,Birmingham,AL
b_alabama-roofing-bi_ham_bama_68436,Alabama Roofing,http://www.alabamaroofingllc.com/,,https://www.alabamaroofingllc.com/wp-content/themes/Divi/images/logo.png,roofing,Birmingham,AL
b_custom-home-servic_ham_bama_68936,Custom Home Services LLC,http://customhomeservices.us/,alex@customhomeservices.us,https://i0.wp.com/customhomeservices.us/wp-content/uploads/2024/01/CHS-4.png?fit=32%2C32&ssl=1,kitchen-remodeling,Birmingham,AL
b_jones-brothers-roo_ery_bama_65915,Jones Brothers Roofing,https://jbroof.com/,,https://jbroof.com/wp-content/uploads/2025/07/favicon.jpeg,roofing,Montgomery,AL
b_scanlon-plumbing-s_ery_bama_46029,"Scanlon Plumbing Services, Inc.",http://www.scanlonplumbing.com/,,,plumbing,Montgomery,AL
b_bo-jiffy-heating-a_ham_bama_86588,Bo Jiffy Heating and Air Conditioning,http://bojiffy.contractorplus.com/,bojiffy@icloud.com,https://contractor-plus-app.s3.us-east-2.amazonaws.com/uploads/company/cp_favicon.png,hvac,Birmingham,AL
b_schoettlin-mechani_ham_bama_71691,Schoettlin Mechanical Contractors,https://www.facebook.com/profile.php?id=100073995957849,,,hvac,Birmingham,AL
b_b-b-birmingham_ham_bama_12436,B&B,http://buildingballard.com/,,https://irp.cdn-website.com/ca42b8f4/dms3rep/multi/LOGO-cb9f830e.jpg,kitchen-remodeling,Birmingham,AL
b_hometown-roofing-r_ham_bama_43053,Hometown Roofing & Restorations,https://htroofers.com/,,,roofing,Birmingham,AL
b_smirnoff-heating-c_ery_bama_78199,Smirnoff Heating & Cooling LLC,https://www.smirnoffhvac.com/,,,hvac,Montgomery,AL
b_jones-roofing-cons_ham_bama_02882,Jones Roofing & Construction,https://www.roofingbama.com/?utm_source=cumulus&utm_medium=onlinepresence&utm_campaign=gbp,,https://static.parastorage.com/client/pfavico.ico,roofing,Birmingham,AL
b_buffalo-electric-s_ham_bama_35086,Buffalo Electric Supply Co.,http://www.inlineelectric.com/,,,electrical,Birmingham,AL
b_superior-plumbing-_ham_bama_25954,Superior Plumbing & Drain LLC,https://superiorplumbingbhm.com/service-areas/homewood,,https://superiorplumbingbhm.com/images/favico.png,plumbing,Birmingham,AL
b_jackson-electrical_ham_bama_42266,Jackson Electrical Services,https://electricalservicesbirmingham.com/,,,electrical,Birmingham,AL
b_southern-pipe-supp_ham_bama_21601,Southern Pipe & Supply,http://www.southernpipe.com/,,,plumbing,Birmingham,AL
b_atc-services-montg_ery_bama_27996,ATC SERVICES,http://www.hilyerservices.com/,,https://irp.cdn-website.com/c022d180/dms3rep/multi/Hilyer+LOGO+1080x545px+%282%29.png,plumbing,Montgomery,AL
b_seven-acre-remodel_ery_bama_93819,Seven Acre Remodeling,https://themontgomeryhandyman.com/,,,kitchen-remodeling,Montgomery,AL
b_exterior-waterproo_ham_bama_78374,Exterior Waterproofing,https://exteriorwaterproofing.com/,phillip@exteriorwaterproofing.com,https://exteriorwaterproofing.com/wp-content/uploads/2019/02/fav.jpg,kitchen-remodeling,Birmingham,AL
b_dupont-roofing-sys_ham_bama_00250,DuPont Roofing Systems,https://dupontroofingsystems.com/?utm_source=gmb&utm_medium=referral,,,roofing,Birmingham,AL
b_johnstone-supply-b_ham_bama_04823,Johnstone Supply,https://www.johnstonesupply.com/88,,,hvac,Birmingham,AL
b_david-s-white-roof_ham_bama_62055,David S. White Roofing,https://davidswhiteroofingco.com/,,,roofing,Birmingham,AL
b_dr-electric-birmin_ham_bama_34659,Dr. Electric,https://www.doctorelectricnow.com/,,https://www.doctorelectricnow.com/fbm-data/images/favicon.png,electrical,Birmingham,AL
b_overflow-heating-c_ham_bama_16824,"Overflow Heating & Cooling, Llc",https://overflowheatingcooling.com/,,https://stcdn.leadconnectorhq.com/funnel/icon/favicon.ico,hvac,Birmingham,AL
b_authentic-restorat_ham_bama_76779,Authentic Restoration,http://www.authenticrestoration.biz/,,https://authenticrestoration.biz/media/favicon/king-billy-favicon.png,roofing,Birmingham,AL
b_precision-homecraf_ham_bama_19017,Precision Homecrafters,https://www.precisionhomecrafters.com/,,,kitchen-remodeling,Birmingham,AL
b_armour-roof-and-de_ham_bama_57963,Armour Roof and Dek,https://armourroofanddek.com/,,,kitchen-remodeling,Birmingham,AL
b_shearer-supply-bir_ham_bama_75381,Shearer Supply Birmingham,http://www.shearersupply.com/,,,hvac,Birmingham,AL
b_peak-performance-h_ham_bama_58340,"Peak Performance Heating, Air & Ventilation Systems, LLC",https://www.peakperformanceac.com/,najones@peakperformanceac.com,https://static.parastorage.com/client/pfavico.ico,hvac,Birmingham,AL
b_bill-white-roofing_ham_bama_71932,Bill White Roofing and Specialty,http://www.bwroof.com/,info@bwroof.com,https://irp.cdn-website.com/54d1ba82/site_favicon_16_1775496652764.ico,roofing,Birmingham,AL
b_highland-design-bu_ham_bama_22741,Highland Design + Build,http://highlanddesignbuild.com/,,,kitchen-remodeling,Birmingham,AL
b_tillery-heating-ai_ery_bama_02167,Tillery Heating & Air Conditioning,http://tilleryheatingandair.com/,,,hvac,Montgomery,AL
b_one-call-roofers-b_ham_bama_11969,One Call Roofers,https://www.onecallroofers.com/,,https://www.onecallroofers.com/wp-content/uploads/One-Call-Roofers-Birmingham-Favicon.png,roofing,Birmingham,AL
b_firefly-electrical_ham_bama_09859,"Firefly Electrical, LLC",https://www.fireflyelectricalllc.com/,office@dogwoodmediasolutions.com,https://fireflyelectricalllc.com/wp-content/uploads/2022/05/cropped-FIREFLYBUSCARD1CLEAR-1-32x32.webp,electrical,Birmingham,AL
b_global-roofing-co-_ham_bama_57101,Global Roofing Co.,https://globalroof.co/,,,roofing,Birmingham,AL
b_montgomery-remodel_ery_bama_75368,Montgomery Remodeling and Restoration,http://www.montgomeryremodelingandrestoration.com/,,,kitchen-remodeling,Montgomery,AL
b_a-tile-home-remode_ham_bama_70792,A+ Tile Home Remodeling,http://www.aplustilehomeremodeling.com/,alabamabathremodels@gmail.com,https://www.aplustilehomeremodeling.com/square.ico,kitchen-remodeling,Birmingham,AL
b_specialty-building_ham_bama_31110,Specialty Building Consultants,https://www.specialtybuilding.net/,specialtybuilding@gmail.com,https://static.wixstatic.com/media/33a0c8_c1054604290c4a3482b0809a4d031f6a%7Emv2.jpg/v1/fill/w_192%2Ch_192%2Clg_1%2Cusm_0.66_1.00_0.01/33a0c8_c1054604290c4a3482b0809a4d031f6a%7Emv2.jpg,kitchen-remodeling,Birmingham,AL
b_regal-plumbing-llc_ery_bama_40647,Regal Plumbing LLC,http://www.regalplumber.com/,,https://static.wixstatic.com/media/008b31_109b6480243a4bb0897e8a7466efac19%7Emv2.png/v1/fill/w_192%2Ch_192%2Clg_1%2Cusm_0.66_1.00_0.01/008b31_109b6480243a4bb0897e8a7466efac19%7Emv2.png,plumbing,Montgomery,AL
b_birmingham-concret_ham_bama_75141,Birmingham Concreters,https://birminghamconcreters.com/,,https://birminghamconcreters.com/logo.png,kitchen-remodeling,Birmingham,AL
b_eli-services-birmi_ham_bama_28034,ELI Services,https://eliservices.org/?utm_source=gmb&utm_medium=organic,,,electrical,Birmingham,AL
b_24-7-plumbing-birm_ham_bama_23702,24/7 Plumbing Birmingham AL,http://247plumbingbirminghamal.com/,,,plumbing,Birmingham,AL
b_blair-commercial-r_ham_bama_35933,Blair Commercial Roofing,https://www.blaircommercialroofing.com/,info@blaircommercialroofing.com,https://static.wixstatic.com/media/9093ea_c3888753841c47eb8a0821300d34a88a%7Emv2.png/v1/fill/w_192%2Ch_192%2Clg_1%2Cusm_0.66_1.00_0.01/9093ea_c3888753841c47eb8a0821300d34a88a%7Emv2.png,roofing,Birmingham,AL
b_one-call-alabama-b_ham_bama_58661,One Call Alabama,https://onecallalabama.com/,,https://onecallalabama.com/wp-content/uploads/icon-150x150.png,roofing,Birmingham,AL
b_parker-plumbing-ga_ham_bama_51319,Parker Plumbing & Gas,http://parkerplumbingbham.com/,contact@parkerplumbingbham.com,https://images.squarespace-cdn.com/content/v1/565fc647e4b0120b314ee31c/1450818302033-YH7XOFZBIJOWCPN5W2U7/favicon.ico?format=100w,plumbing,Birmingham,AL
b_brown-s-electrical_ham_bama_38191,Brown's Electrical Contractors,http://www.brown-ec.com/,info@brownec.com,https://irp.cdn-website.com/1292a3fb/dms3rep/multi/brownec_fav-57.jpg,electrical,Birmingham,AL
b_bmr-homes-inc-remo_ham_bama_57260,"BMR Homes, Inc. Remodeling and Restoration",http://bmrhomes.net/,info@bmrhomes.net,,kitchen-remodeling,Birmingham,AL
b_supreme-roofing-an_ham_bama_27709,Supreme Roofing and Renovations,http://supremeroofingandrenovations.com/,supremeroofing.al@gmail.com,https://irp.cdn-website.com/2317e26b/site_favicon_16_1669654656908.ico,roofing,Birmingham,AL
b_comfort-technology_ham_bama_24908,Comfort Technology,http://www.comforttechnologyllc.com/,,http://www.comforttechnologyllc.com/favicon.ico,hvac,Birmingham,AL
b_modern-spaces-of-m_ery_bama_70660,Modern Spaces of Montgomery,https://www.ms-montgomery.net/,drew@ms-montgomery.net,https://primary.jwwb.nl/pexels/71/7168096.jpeg?enable-io=true&enable=upscale&fit=bounds&width=1200,kitchen-remodeling,Montgomery,AL
b_grissom-brother-se_ham_bama_44546,Grissom Brother Service Company HVAC,https://grissomservice.com/,,https://grissomservice.com/media/logo-150x150.png,hvac,Birmingham,AL
b_montgomery-noland-_ery_bama_95218,Montgomery Noland,https://www.winsupplyinc.com/Location/Montgomery-AL/36117/Plumbing-HVAC-Supplies,,,hvac,Montgomery,AL
b_charitable-roofing_ham_bama_99889,Charitable Roofing,https://charitableroofing.com/?utm_source=google&utm_medium=organic&utm_campaign=gmb-primary-link,your@email.com,,roofing,Birmingham,AL
b_hammer-saw-llc-bir_ham_bama_89401,Hammer & Saw LLC,https://hammerandsawllc.com/,jordan@hammerandsawllc.com,https://hammerandsawllc.com/wp-content/uploads/2024/07/cropped-hammerandsaw-site-icon-32x32.webp,kitchen-remodeling,Birmingham,AL
b_baker-roofing-comp_ham_bama_41719,Baker Roofing Company,https://bakerroofing.com/birmingham-roofing-company/,,https://iuguoryuevjnmdejvwes.supabase.co/storage/v1/object/public/logos/logos/b_baker-roofing-comp_ham_bama_41719.png,roofing,Birmingham,AL
b_bright-future-elec_ham_bama_87617,Bright Future Electric,http://www.brightfutureelectric.com/,,https://cdn.prod.website-files.com/65f32df7d884b8df40159316/65f9b9d2b7d4885bb49885bc_Favicon.png,electrical,Birmingham,AL
b_live-oaks-plumbing_ery_bama_43200,Live Oaks Plumbing,https://liveoak-plumbing.com/,,https://liveoak-plumbing.com/images/favicon.png,plumbing,Montgomery,AL
b_southern-pipe-supp_ery_bama_21601,Southern Pipe & Supply,http://www.southernpipe.com/,,,plumbing,Montgomery,AL
b_top-tier-property-_ery_bama_54024,Top Tier Property Group,https://toptierpropertygroup.org/,info@toptierpropertygroup.com,https://storage.googleapis.com/gpt-engineer-file-uploads/eqWy2YU7tpYca6NI9v65sTkCtfg1/social-images/social-1772332771208-og_top.webp,kitchen-remodeling,Montgomery,AL
b_arnold-brown-metal_ham_bama_28225,Arnold-Brown Metals & Supply,http://www.arnold-brown.com/,barry@arnold-brown.com,https://cdn.website-editor.net/s/e9819f1d825e4f8da402a08e80471dda/dms3rep/multi/AB_logo_Fav.png?Expires=1786335140&Signature=lvsK2gRRUNOmO4QevDf2NCutJBVpifrC6lhC-ucpF9XAIGTnMs5K3t8QZPWBNl4DF-RufY5ogC59UivRNECAdyjafDRPSs2kVWLKl~kAv-ZN6DXvpReCD2ZdqPa2R1wbPQQGJou61u2CkcgvSWDHfc~LA0Ce~Mv91-xTcReMjUtTvRSJ9Y~LuO0iHxoLNYd737MseyoD1uFW8NRvkoSNL391ofNOfIOc2Ih4dyYku~hQ5vANZVv9glermxmKomlSI5VgVXURuPrQiEbdCNTsjf1rfxBx1~cVMO4-q7SIfSNBGxDftE6GkFhEAf9qSE-zMVGZLRwGMvmYq5mSZKeVRA__&Key-Pair-Id=K2NXBXLF010TJW,hvac,Birmingham,AL
b_tmi-can-help-montg_ery_bama_66866,TMI Can Help,https://www.tmicanhelp.com/?utm_source=google&utm_medium=gmb&utm_campaign=seo,tmicanhelp@gmail.com,https://irp.cdn-website.com/ff22c303/dms3rep/multi/TMI-Can-Help-logo1-fb716062.jpg,kitchen-remodeling,Montgomery,AL
b_huffman-electrical_ham_bama_01777,Huffman Electrical Contractor Inc,http://huffmanelectricalcontractors.net/,,https://static.wixstatic.com/media/b92155_e153432ebaf6434a989468f437869ce7%7Emv2.jpg/v1/fill/w_192%2Ch_192%2Clg_1%2Cusm_0.66_1.00_0.01/b92155_e153432ebaf6434a989468f437869ce7%7Emv2.jpg,electrical,Birmingham,AL
b_r-r-supply-co-mont_ery_bama_36978,R & R Supply Co,http://www.randrsupply.com/,,https://bed774.claudeassets.com/20240608235237im_/https://randrsupply.com/contentonly.aspx?file=images/ls_custLogin.jpg,electrical,Montgomery,AL
b_southern-controls-_ery_bama_96656,"Southern Controls, inc.",http://www.southerncontrols.com/,,,electrical,Montgomery,AL
b_alabama-plumbing-p_ham_bama_54447,"Alabama Plumbing Pros, LLC",http://facebook.com/alabamaplumbingpros,,,plumbing,Birmingham,AL
b_mayer-electric-sup_ham_bama_29078,Mayer Electric Supply,https://www.mayerelectric.com/Birmingham?utm_source=local-listings&utm_medium=organic&utm_content=GMB,,,electrical,Birmingham,AL
b_1018-roofing-birmi_ham_bama_63855,1018 Roofing,https://1018roofing.com/,,https://1018roofing.com/favicon.ico,roofing,Birmingham,AL
b_davis-plumbing-co-_ham_bama_65637,Davis Plumbing Co,http://www.davisplumbingcoinc.com/,,,plumbing,Birmingham,AL
b_kemco-montgomery_ery_bama_88657,Kemco,https://www.kemcois.com/,,,hvac,Montgomery,AL
b_advanced-roofing-c_ham_bama_15195,"Advanced Roofing & Construction, LLC - Birmingham",https://www.advancedalabama.com/,office@advancedalabama.com,https://advancedalabama.com/wp-content/uploads/2021/04/logo_1-150x150.png,roofing,Birmingham,AL
b_recon-builders-inc_ery_bama_32977,"Recon Builders, Inc.",http://recon-builders.com/,recon-builders@hotmail.com,https://irp.cdn-website.com/55cf26d8/site_favicon_16_1697735986430.ico,kitchen-remodeling,Montgomery,AL
b_belfor-property-re_ham_bama_75559,BELFOR Property Restoration,https://www.belfor.com/us/en/locations/,,https://www.belfor.com/us/wp-content/uploads/sites/2/2024/02/cropped-favicon-2-32x32.png,kitchen-remodeling,Birmingham,AL
b_grainger-industria_ery_bama_90907,Grainger Industrial Supply,https://www.grainger.com/branch/Montgomery-Branch-507,,,plumbing,Montgomery,AL
b_leak-solutions-com_ham_bama_04706,Leak Solutions | Commercial Roofing Company,https://leaksolutions.net/,dowens@leaksolutions.net,https://ueni-favicons.s3.eu-central-1.amazonaws.com/production/09cbead9bfe04588966ee423641fffd9.png,roofing,Birmingham,AL
b_garner-electric-in_ery_bama_44606,Garner Electric Inc,http://www.garnerelectricinc.com/,,https://images.squarespace-cdn.com/content/v1/51f67fb0e4b0339265c9c4e0/1396363662737-O7VGYK5FZVUUVNSMDIFP/favicon.ico?format=100w,electrical,Montgomery,AL
b_pro-roofers-birmin_ham_bama_53025,Pro Roofers Birmingham,http://proroofersbirmingham.com/,celines.45@email.com,https://www.proroofersbirmingham.com/favicon.ico,roofing,Birmingham,AL
b_superior-roofing-a_ham_bama_18284,Superior Roofing Alabama & Remodeling,https://www.superiorroofingal.com/,jcato1970@gmail.com,https://superiorroofingal.com/wp-content/uploads/2020/02/cropped-75435799_2813536398677209_5131832237582450688_n-e1580775354793.jpg?w=32,roofing,Birmingham,AL
b_a-1-roofing-remode_ery_bama_84767,A-1 Roofing & Remodeling,https://www.facebook.com/T-C-Affordable-Roofing-278538105526852/,,,roofing,Montgomery,AL
b_birmingham-home-ca_ham_bama_68001,Birmingham Home Care and Repair LLC,https://www.birminghamhomerepair.com/,dan@birminghamhomerepair.com,https://static.wixstatic.com/media/fd916b_2692de50f0b24702888b26f1fca1c023%7Emv2.png/v1/fill/w_192%2Ch_192%2Clg_1%2Cusm_0.66_1.00_0.01/fd916b_2692de50f0b24702888b26f1fca1c023%7Emv2.png,kitchen-remodeling,Birmingham,AL
b_centimark-corporat_ham_bama_66217,CentiMark Corporation,https://www.centimark.com/locations/birmingham-alabama,,,roofing,Birmingham,AL
b_graybar-montgomery_ery_bama_44299,Graybar,https://www.graybar.com/store-finder?utm_source=rioseo&utm_medium=organic&utm_content=google-locations&utm_campaign=rioseo-MNAL&cm_mmc=rioseo:organic-_-google-_-locations-_-MNAL,,https://res.cloudinary.com/gbcomint/image/upload/graybar-widen/content/v89ttd0kkb/png/icon-favicon.png,electrical,Montgomery,AL
b_as-salaam-enterpri_ery_bama_43588,As Salaam Enterprises,https://linktr.ee/DZIKRBRAND,,,kitchen-remodeling,Montgomery,AL
b_american-pipe-supp_ery_bama_98510,American Pipe & Supply Co Inc,https://www.americanpipe.com/,,,plumbing,Montgomery,AL
b_united-refrigerati_ery_bama_16048,United Refrigeration Inc,http://www.uri.com/,,,hvac,Montgomery,AL
b_alabama-constructi_ery_bama_22944,"Alabama Construction Pros, LLC",https://alabamaconstructionpros.com/,,https://qtrypzzcjebvfcihiynt.supabase.co/storage/v1/object/public/base44-prod/public/68f18d715233e9ff8fc66daa/898a808d0_Alabama2.png,kitchen-remodeling,Montgomery,AL
b_reliable-services-_ham_bama_02467,Reliable Services,https://reliableserviceroofing.com/,,,roofing,Birmingham,AL
b_alabama-tub-tile-m_ery_bama_27844,Alabama Tub & Tile,http://www.alabamatubandtile.com/,,"https://img1.wsimg.com/isteam/ip/a2003ff2-fd4d-41bc-aacb-005b1aed8522/1.png/:/rs=w:57,h:57,m",bathroom-remodeling,Montgomery,AL
b_dixie-acoustical-c_ham_bama_68873,Dixie Acoustical Contractors,http://dixieacoustical.com/,,https://img-fl.nccdn.net/favicon.ico?V=c8837e92#SYSTEM,kitchen-remodeling,Birmingham,AL
b_mayer-electric-sup_ery_bama_29078,Mayer Electric Supply,https://www.mayerelectric.com/Montgomery?utm_source=local-listings&utm_medium=organic&utm_content=GMB,,,electrical,Montgomery,AL
b_walker-stripling-r_ery_bama_95368,Walker Stripling Remodeling & Repair,http://www.walkerstripling.com/,,https://walkerstripling.com/wp-content/uploads/2024/05/cropped-site-icon-32x32.png,kitchen-remodeling,Montgomery,AL
b_city-electric-supp_ery_bama_85809,City Electric Supply Montgomery AL,https://www.cityelectricsupply.com/branches/al/montgomery/montgomery-al,,,electrical,Montgomery,AL
b_central-supply-com_ham_bama_45387,Central Supply Company,http://centralsupplyco.net/,,https://static.parastorage.com/client/pfavico.ico,plumbing,Birmingham,AL
b_diversified-contra_ham_bama_15375,Diversified Contractors,http://dcial.com/,,https://static.wixstatic.com/media/82acfc_657999cad46540cf988b37cd282b1539%7Emv2.jpg/v1/fill/w_192%2Ch_192%2Clg_1%2Cusm_0.66_1.00_0.01/82acfc_657999cad46540cf988b37cd282b1539%7Emv2.jpg,kitchen-remodeling,Birmingham,AL
b_apex-plumbing-serv_ery_bama_16267,Apex Plumbing Services,https://www.apexplumbingservices334.com/,,https://static.wixstatic.com/media/4ed996_7e810030c2f240b7b784ccb1ce386271%7Emv2.png/v1/fill/w_192%2Ch_192%2Clg_1%2Cusm_0.66_1.00_0.01/4ed996_7e810030c2f240b7b784ccb1ce386271%7Emv2.png,plumbing,Montgomery,AL
b_hometown-hvacr-mon_ery_bama_90966,HomeTown HVACR,http://hometownhvacr.pro/,,"https://img1.wsimg.com/isteam/ip/c74674cc-84b7-47fb-9f4c-76eff5819667/IMG_7789.jpeg/:/rs=w:57,h:57,m",hvac,Montgomery,AL
b_robby-s-heating-ai_ery_bama_19986,Robby's Heating & Air Conditioning,https://www.facebook.com/robbysheatingac/,,,hvac,Montgomery,AL
b_mcgehee-electric-l_ery_bama_42960,"McGehee Electric, LLC",https://mcgeheeelectric.com/,,,electrical,Montgomery,AL
b_l-w-supply-montgom_ery_bama_75211,"L&W Supply - Montgomery, AL",https://lwsupply.com/locations/lw-supply-montgomery-al/?utm_source=google&utm_medium=organic_gmb&utm_campaign=gmbmontgomery_al_listing,,,plumbing,Montgomery,AL
b_roofscapes-montgom_ery_bama_05487,Roofscapes,http://www.roofscapesofalabama.com/,,https://irp.cdn-website.com/bb1d7662/site_favicon_16_1761148537326.ico,roofing,Montgomery,AL
b_stone-sons-electri_ham_bama_34319,Stone & Sons Electrical Contractor,https://stoneandsons.com/,,https://stoneandsons.com/wp-content/media/sands-fav-250x250.png,electrical,Birmingham,AL
b_petranka-contracti_ery_bama_19307,Petranka Contracting,http://www.petrankacontracting.com/,,,electrical,Montgomery,AL
b_cobb-roofing-inc-b_ham_bama_79018,Cobb Roofing Inc,http://cobb-roofing.com/,,https://cobb-roofing.com/wp-content/uploads/2019/02/cobbroofinglogo.png,roofing,Birmingham,AL
b_genius-roof-birmin_ham_bama_10700,Genius Roof,https://geniusroof.com/,,,roofing,Birmingham,AL
b_southern-roofing-c_ery_bama_42470,Southern Roofing Co,https://www.southernroofing.net/,,https://assets.squarespace.com/universal/default-favicon.ico,roofing,Montgomery,AL
b_progressive-electr_ham_bama_68382,Progressive Electrical Services Inc,https://usmapiz.org/details/progressive-electrical-services-inc-ChIJEUL,,https://usmapinformation.com/favicon.svg,electrical,Birmingham,AL
b_craft-electric-co-_ham_bama_12158,Craft Electric Co Inc,http://www.craft-electric.com/,wmcraftelectric@gmail.com,https://images.squarespace-cdn.com/content/v1/56311315e4b0b8356ef592f5/037d80a2-0f58-4598-860c-95aa64a3fd68/favicon.ico?format=100w,electrical,Birmingham,AL
b_perfect-climate-he_ery_bama_83087,Perfect Climate Heating & Air LLC,http://www.pchallc.com/,,,hvac,Montgomery,AL
b_high-cotton-plumbi_ery_bama_37494,High Cotton Plumbing,https://hirehighcotton.com/,,https://hirehighcotton.com/wp-content/uploads/2026/02/cropped-favicon-32x32.png,plumbing,Montgomery,AL
b_johnstone-supply-m_ery_bama_04823,Johnstone Supply,https://www.johnstonesupply.com/store546,,,hvac,Montgomery,AL
b_shearer-supply-mon_ery_bama_96149,Shearer Supply Montgomery,http://www.shearersupply.com/,,,hvac,Montgomery,AL
b_ellis-heating-air-_ery_bama_22663,Ellis Heating & Air Conditioning,https://ellisheatingandair.godaddysites.com/,,"https://img1.wsimg.com/isteam/ip/93d2aa8b-775c-4aaa-8676-376c47677673/Android%20Playstore%20Graphic.png/:/rs=w:57,h:57,m",hvac,Montgomery,AL
b_capstone-roofing-b_ham_bama_27197,Capstone Roofing,https://capstoneroofingco.com/commercial-roofing-company-in-new-orleans-la-birmingham-al/,info@capstoneroofingco.com,https://capstoneroofingco.com/wp-content/uploads/2023/12/cropped-cropped-A-polished-32x32.png,roofing,Birmingham,AL
b_superior-plumbing-_ham_bama_27632,Superior Plumbing LLC,http://superiorplumbingbhm.com/service-areas/birmingham,,https://superiorplumbingbhm.com/images/favico.png,plumbing,Birmingham,AL
b_zeltman-heating-ai_ham_bama_54916,Zeltman Heating & Air,http://www.zeltmanair.com/,,"https://img1.wsimg.com/isteam/ip/02970b8e-c2b9-4cd3-8b29-4be1226b381c/1%20Vinyl%20Wrap%20Door%20ZHA.png/:/rs=w:57,h:57,m",hvac,Birmingham,AL
b_darnell-plumbing-c_ery_bama_09548,Darnell Plumbing Co LLC,https://www.alplumbers.com/s/montgomery/,,https://www.alplumbers.com/_/images/layout/logo.png,plumbing,Montgomery,AL
b_white-glove-roofin_ham_bama_91071,White Glove Roofing,https://whitegloveroofs.com/,,,roofing,Birmingham,AL
b_kbroofingllc-birmi_ham_bama_14274,Kbroofingllc,https://www.kbroofingllc.net/,,https://www.kbroofingllc.net/assets/images/logo/favicon.png,roofing,Birmingham,AL
b_apex-architectural_ham_bama_31889,Apex Architectural Metals,https://apex-metal.com/,,,roofing,Birmingham,AL
b_benchmark-plumbing_ham_bama_50597,Benchmark Plumbing,http://benchmarkplumbingal.com/,benchmarkplumbingal@gmail.com,https://images.squarespace-cdn.com/content/v1/66ee3dc8a4b3e222b06a97c0/0a01a75a-751e-48a1-9e86-87eb2e173f88/favicon.ico,plumbing,Birmingham,AL
b_ken-underwood-roof_ham_bama_57854,Ken Underwood Roofing,https://kenunderwoodroofing.com/contact-us,filler@godaddy.com,"https://img1.wsimg.com/isteam/ip/542efc42-5fc9-48b4-ad78-57bd91649a85/Ken%20Underwood%20Roofing%20Logo.jpg/:/rs=w:57,h:57,m",roofing,Birmingham,AL
b_porter-tech-montgo_ery_bama_39906,Porter Tech,http://porterlowvoltage.com/,,https://porterlowvoltage.com/wp-content/uploads/2023/03/cropped-porter-icon-32x32.png,electrical,Montgomery,AL
b_a-team-comfort-sol_ery_bama_14156,"A-Team Comfort Solutions, LLC",https://a-teamcomfort.com/,,https://assets.squarespace.com/universal/default-favicon.ico,hvac,Montgomery,AL
b_john-burke-plumbin_ery_bama_54192,"John Burke Plumbing, Inc.",http://johnburkeplumbinginc.com/,,,plumbing,Montgomery,AL
b_d-h-painting-and-r_ham_bama_75824,D & H Painting and Remodeling,https://www.dhpaintingandremodeling.com/,dhpaintandremodel@gmail.com,https://irp.cdn-website.com/f2aa02f5/dms3rep/multi/d-and-h-painting-and-remodeling-logo-1920w-afa25af6.png,kitchen-remodeling,Birmingham,AL
b_climateprousa-mont_ery_bama_95156,ClimateProUSA,http://climateprousa.com/,,"https://img1.wsimg.com/isteam/ip/static/pwa-app/logo-default.png/:/rs=w:57,h:57,m",hvac,Montgomery,AL
b_allseason-montgome_ery_bama_77593,AllSeason Montgomery Heating and Cooling,https://allseasonmontgomeryheatingandcooling.com/,,https://allseasonmontgomeryheatingandcooling.com/make_a_logo_2k_202601230607-removebg-preview_(1).png,hvac,Montgomery,AL
b_electrical-repair-_ham_bama_65155,Electrical Repair Services Co,http://www.electricalrepairserviceco.com/,,https://static.parastorage.com/client/pfavico.ico,electrical,Birmingham,AL
b_r-h-supply-company_ery_bama_45285,R&H Supply Company,http://www.rhsupplyco.com/,,,hvac,Montgomery,AL
b_kimbro-renovations_ery_bama_59268,Kimbro Renovations Inc.,http://kimbrorenovations.com/,office@kimbrorenovations.com,https://www.kimbrorenovations.com/s/misc/favicon.png?1571939644,kitchen-remodeling,Montgomery,AL
b_trawick-contractor_ham_bama_17277,Trawick Contractors,https://trawickco.com/,info@trawickco.com,https://trawickco.com/wp-content/uploads/2024/07/logo.png,kitchen-remodeling,Birmingham,AL
b_montgomery-electri_ery_bama_57871,"Montgomery Electric and Maintenance, Inc",http://www.montelectric.com/,,,electrical,Montgomery,AL
b_murray-constructio_ham_bama_91601,Murray Construction,http://murray.construction/,build@murray.construction,https://cdn.prod.website-files.com/625dd89720d8abce7eb056f7/625dd89720d8ab1635b0583d_MurrayLogo.png,kitchen-remodeling,Birmingham,AL
b_ferguson-plumbing-_ery_bama_28974,Ferguson Plumbing Supply,https://www.ferguson.com/store/al/montgomery/plumbingpvf-1487?utm_source=google&utm_medium=organic&utm_campaign=rt_lis_listingtraffic&utm_content=listing,,https://www.ferguson.com/on/demandware.static/Sites-Ferguson-Site/-/default/dwb123e14a/images/favicon.ico,plumbing,Montgomery,AL
b_blw-roofing-birmin_ham_bama_98014,BLW Roofing,https://www.blw-roofing.com/,blwroofal@gmail.com,https://static.parastorage.com/client/pfavico.ico,roofing,Birmingham,AL
b_sexton-plumbing-se_ery_bama_17154,Sexton Plumbing Services,https://sextonplumbing334.com/,,https://static.cdn-website.com/runtime/favicon_d1_res.ico,plumbing,Montgomery,AL
b_european-kitchen-o_ham_bama_30953,European Kitchen of Alabama,http://www.europeankitchenal.com/,info@europeankitchenal.com,https://irp.cdn-website.com/7a902e82/dms3rep/multi/TheEuropeanCollection_Logo_E.jpg,bathroom-remodeling,Birmingham,AL
b_ritchie-constructi_ham_bama_67799,Ritchie Construction Group,https://ritchieconstructiongroup.com/,office@rcgbham.com,https://images.squarespace-cdn.com/content/v1/660ae0ee3399a85bde0c14f7/b805bcd8-0dae-453b-81c2-a1b55ef8ff18/favicon.ico?format=100w,kitchen-remodeling,Birmingham,AL
b_arac-roof-it-forwa_ham_bama_81443,ARAC Roof It Forward,http://www.roofitforward.com/,,https://octanecdn.com/roofitforwardcom/roofitforwardcom_604838094.png,roofing,Birmingham,AL
b_armstrong-electric_ham_bama_51962,Armstrong Electrical Contractors,https://www.armstrongelectricalco.com/?utm_source=GMBlisting&utm_medium=organic,info@armstrongelectricalco.com,https://www.armstrongelectricalco.com/wp-content/uploads/fbrfg/apple-touch-icon.png,electrical,Birmingham,AL
b_just-roof-leaks-bi_ham_bama_13751,Just Roof Leaks℠,http://www.justroofleaks.com/,,https://www.justroofleaks.com/wp-content/uploads/favicon.ico.png,roofing,Birmingham,AL
b_creature-birmingha_ham_bama_37153,Creature,https://www.creaturebuilds.com/,info@creaturebuilds.com,https://images.squarespace-cdn.com/content/v1/58d5878d8419c267b722628c/1522439678395-5GD4ZC3CT5ZAGMFCUGYW/favicon.ico,kitchen-remodeling,Birmingham,AL
b_tecta-america-birm_ham_bama_89180,"Tecta America Birmingham, Commercial Roofing",https://www.tectaamerica.com/location/birmingham-alabama/,jholt@tectaamerica.com,https://www.tectaamerica.com/wp-content/uploads/2025/02/cropped-favicon-32x32.png,roofing,Birmingham,AL
b_bellz-properties-h_ery_bama_03226,Bellz Properties Heating & Air Conditioning,https://www.bellzpropertiesllc.com/,,https://www.bellzpropertiesllc.com/wp-content/uploads/2017/03/300.png,hvac,Montgomery,AL
b_mingledorff-s-mont_ery_bama_95602,Mingledorff's - Montgomery,https://www.mingledorffs.com/,,https://www.mingledorffs.com/media/favicon/stores/1/Mingledorffs_Favicon.png,plumbing,Montgomery,AL
b_bygrave-constructi_ham_bama_42077,Bygrave Construction,http://www.bygraveconstruction.com/,,https://assets.squarespace.com/universal/default-favicon.ico,kitchen-remodeling,Birmingham,AL
b_electric-concepts-_ery_bama_34507,Electric Concepts,https://ecopoweron.com/?utm_source=GBPListing&utm_medium=organic,,https://ecopoweron.com/wp-content/uploads/2025/03/favicon2.png,electrical,Montgomery,AL
b_esc-supply-montgom_ery_bama_78795,ESC Supply,http://www.esc-supply.com/,,https://www.esc-supply.com/favicon.ico,electrical,Montgomery,AL
b_alabama-electrical_ery_bama_11225,Alabama Electrical Contractors Board,https://aecb.alabama.gov/,,https://aecb.alabama.gov/wp-content/uploads/2026/05/cropped-AECB-HEADER-2026-LARGE-scaled-1-32x32.png,electrical,Montgomery,AL
b_andrew-ellis-heati_ery_bama_68592,"Andrew Ellis Heating and Air, LLC",https://thecomfortgurus.com/?utm_source=google&utm_medium=organic&utm_campaign=gbp,,https://static.parastorage.com/client/pfavico.ico,hvac,Montgomery,AL
b_birmingham-roofing_ham_bama_73756,"Birmingham Roofing & Sheet Metal, Inc.",http://www.birminghamroofing.com/,,https://cdn.prod.website-files.com/684b2fd6cec4af67ab88c0f0/6862e6bb400d5690eae8f7ff_favicon-32x32.png,roofing,Birmingham,AL
b_south-power-electr_ham_bama_82142,"South Power Electric, LLC",http://www.southpowerelectric.com/,workforcespe@electric-llc.com,https://irp-cdn.multiscreensite.com/d5e7de32/dms3rep/multi/55826880_413751812715373_431636087169875968_n.jpg,electrical,Birmingham,AL
b_ironwood-homes-llc_ham_bama_66769,"Ironwood Homes, LLC",http://www.ironwoodbuild.com/,info@ironwoodbuild.com,,kitchen-remodeling,Birmingham,AL
b_keeton-general-con_ham_bama_51656,"Keeton General Contractors, Inc.",https://keetongc.com/?utm_source=gmb&utm_medium=organic,info@keetongc.com,https://assets.squarespace.com/universal/default-favicon.ico,kitchen-remodeling,Birmingham,AL
b_stone-creek-contra_ham_bama_79557,Stone Creek Contractors,https://www.stonecreekcontractors.com/,luis@stonecreekcontractors.com,https://cdn.prod.website-files.com/65c26c0a9338c4ba73b87581/66b6217c7b428e406026455c_favicon.png,roofing,Birmingham,AL
b_another-story-birm_ham_bama_54857,Another Story,https://www.anotherstory.com/,ben@anotherstory.com,,kitchen-remodeling,Birmingham,AL
b_complete-roofing-b_ham_bama_50726,Complete Roofing,http://completeroofing.com/,info@completeroofing.com,https://images.squarespace-cdn.com/content/v1/55c39d6de4b07a701215a854/1491316738158-AQG12A5Z6UE8CPP0DW7F/favicon.ico,roofing,Birmingham,AL
b_sears-heating-and-_ery_bama_93554,Sears Heating and Air Conditioning,https://www.searshomeservices.com/repair/hvac-repair-service?utm_campaign=GMBhomeimprovement&utm_medium=organic&utm_source=GMBlisting&SID=1035589&phone=2054195825,,https://www.searshomeservices.com/static/favicons/favicon-32x32.png,hvac,Montgomery,AL
b_montgomery-electri_ery_bama_74556,"Montgomery Electric, Inc.",http://montgomeryelectricinc.com/,,"https://img1.wsimg.com/isteam/ip/309e7560-dfc1-458f-b31a-43e1cf82c5cd/favicon/d5fd7806-db08-4e0f-8048-c51c246cf7df.JPG/:/rs=w:16,h:16,m",electrical,Montgomery,AL
b_weathertech-birmin_ham_bama_80629,Weathertech Birmingham,http://www.weathertech.net/,,,hvac,Birmingham,AL
b_shelby-general-con_ham_bama_87416,Shelby General Contractors,https://shelbygc.com/,,,kitchen-remodeling,Birmingham,AL
b_wiggins-incorporat_ery_bama_43109,Wiggins Incorporated,http://www.wigginsincorporated.com/,,,electrical,Montgomery,AL
b_jim-s-construction_ham_bama_53995,Jim's Construction,http://www.jimsconstructionbham.com/,info@jimsconstructionbham.com,"https://img1.wsimg.com/isteam/ip/468b64e3-d210-43b8-8d27-c2461185cd36/favicon/38253319-595c-4ff1-962d-56aad098110b.jpg/:/rs=w:16,h:16,m",kitchen-remodeling,Birmingham,AL
b_all-south-subcontr_ham_bama_13844,All-South Subcontractors Inc,http://www.allsouthsub.com/,,,roofing,Birmingham,AL
b_unique-ends-llc-mo_ery_bama_65088,Unique Ends LLC,http://uniqueend.com/,,,kitchen-remodeling,Montgomery,AL
b_long-mcgehee-elect_ery_bama_13472,Long McGehee Electric,https://www.longmcgeheeelectric.com/,,,electrical,Montgomery,AL
b_jgs-construction-m_ery_bama_74697,JGS Construction,https://www.jgsconstruction.com/,info@jgsconstruction.com,,kitchen-remodeling,Montgomery,AL
b_meraza-s-sewer-ser_ery_bama_63970,Meraza's Sewer Services LLC,https://seweranddraincleaningkenmore.com/,,,plumbing,Montgomery,AL
b_quality-architectu_ham_bama_44744,Quality Architectural Metal & Roofing,https://qualityarch.com/?utm_source=gbp&utm_medium=organic,,,roofing,Birmingham,AL
b_gray-birmingham_ham_bama_94336,Gray,https://www.gray.com/locations/birmingham-al/,admin@onenorth.com,,kitchen-remodeling,Birmingham,AL
b_reeve-electric-bir_ham_bama_48416,Reeve Electric,http://www.reeve-electric.com/,info@reeve-electric.com,,electrical,Birmingham,AL
b_core-main-montgome_ery_bama_94935,Core & Main,https://coreandmain.com/branches/al-montgomery-36104-568,,,plumbing,Montgomery,AL
b_baker-distributing_ery_bama_25498,Baker Distributing Company,http://www.bakerdist.com/,,,hvac,Montgomery,AL
b_all-phase-electric_ery_bama_43363,All Phase Electric,https://www.goallphase.com/?utm_source=GMB&utm_medium=organic,,,electrical,Montgomery,AL
b_innovative-air-sol_ery_bama_42462,INNOVATIVE AIR SOLUTIONS LLC,http://iasheatingandair.com/,,,hvac,Montgomery,AL
b_the-temperature-pr_ery_bama_08535,The Temperature Professionals,https://the-temperature-professionals.ueniweb.com/?utm_campaign=gmb,,,hvac,Montgomery,AL
b_always-plumbing-24_ham_bama_20016,Always Plumbing 24/7,https://alwaysplumbing247.com/,alwaysplumbing247.birmingham@gmail.com,,plumbing,Birmingham,AL
b_arcstone-construct_ham_bama_48137,ArcStone Construction,http://arcstoneconstruction.com/,,,kitchen-remodeling,Birmingham,AL
b_vp-roofing-renovat_ham_bama_74610,VP Roofing & Renovations,https://www.vproofingrenovationllc.com/,,,roofing,Birmingham,AL
b_kitchen-potential-_ham_bama_58158,Kitchen Potential Inc.,http://www.kitchenpotential.com/,info@kitchenpotential.com,,kitchen-remodeling,Birmingham,AL
b_nola-remodeling-bi_ham_bama_00913,NOLA Remodeling,http://nola-remodeling.com/,,,kitchen-remodeling,Birmingham,AL
b_e-c-s-birmingham_ham_bama_76154,E C & S,http://www.ecands.com/,,,electrical,Birmingham,AL
b_ar-1st-constructio_ery_bama_89214,AR 1st Construction LLC,https://www.ar1stconstructionllc.com/,,,kitchen-remodeling,Montgomery,AL
b_gonzalez-roofing-b_ham_bama_36239,Gonzalez Roofing,https://gonzalezroofing011.wixsite.com/gonzalezroofing,gonzalezroofing011@gmail.com,,roofing,Birmingham,AL
b_toles-construction_ery_bama_51351,Toles Construction,https://www.tolesbuilders.com/,customhomes@tolesbuilders.com,,kitchen-remodeling,Montgomery,AL
b_ibew-montgomery_ery_bama_15274,IBEW,http://www.ibew.org/,,,electrical,Montgomery,AL
b_a-towne-builders-r_ham_bama_33585,"A-Towne Builders - Residential & Commercial Construction, Basement and Office Remodeling Contractors",https://a-townebuilders.com/,,,kitchen-remodeling,Birmingham,AL
b_montgomery-roofing_ery_bama_47796,Montgomery Roofing Company,https://acaciaroof.com/,,,roofing,Montgomery,AL
b_boyds-property-sol_ery_bama_31664,Boyds Property Solutions,http://www.theprosbps.com/,,,kitchen-remodeling,Montgomery,AL
b_r-r-plumbing-llc-m_ery_bama_44795,R & R Plumbing LLC,http://www.rrplumbingllc.com/,,,plumbing,Montgomery,AL
b_pike-road-industri_ery_bama_61248,Pike Road Industrial Plumbing,https://pikeroadindustrialplumbing.com/,,,plumbing,Montgomery,AL
b_climate-service-in_ery_bama_73050,"Climate Service, Inc.",http://www.bradleyph.com/,,,hvac,Montgomery,AL
b_lawson-home-builde_ery_bama_89700,Lawson Home Builders,http://lawsonhomebuilders.com/,contact@sansoxygen.com,,kitchen-remodeling,Montgomery,AL
b_plumbers-steamfitt_ery_bama_80227,Plumbers & Steamfitters Local Union 52,http://www.ualocal52.org/,,,plumbing,Montgomery,AL
b_barefoot-builders-_ham_bama_90163,"Barefoot Builders LLC Birmingham, Al.",http://barefootbuildersbirmingham.com/,,,bathroom-remodeling,Birmingham,AL
b_mcinnis-constructi_ery_bama_30018,McInnis Construction,https://mcinnisconstructs.com/,info@mcinnisconstructs.com,,kitchen-remodeling,Montgomery,AL
b_acacia-roofing-con_ery_bama_70678,Acacia Roofing & Construction,https://acaciaroof.com/,,,roofing,Montgomery,AL
b_arlington-construc_ham_bama_52131,"Arlington Construction Services, LLC",https://www.arlingtonconstruction.net/,info@arlingtonconstruction.net,,kitchen-remodeling,Birmingham,AL
b_day-star-construct_ham_bama_12582,"Day Star Construction, Inc.",http://www.daystarconstruction.com/,lori@daystarconstruction.com,,kitchen-remodeling,Birmingham,AL
b_industrial-electri_ery_bama_04750,Industrial Electrical Services Inc,https://ies-inc.net/,,,electrical,Montgomery,AL
b_kendall-electric-m_ery_bama_98196,Kendall Electric,http://www.kendallelectric.com/,,,electrical,Montgomery,AL
b_r-e-michel-company_ery_bama_33125,R.E. Michel Company,https://www.remichel.com/branches/montgomery-al-36117-hvac,,,plumbing,Montgomery,AL
b_total-electrical-s_ham_bama_87010,Total Electrical Services,https://thetotalelectricalservices.com/,,,electrical,Birmingham,AL
b_birmingham-electri_ham_bama_49645,Birmingham Electrical Contractors,http://www.birminghamec.com/,,,electrical,Birmingham,AL
b_birmingham-roofing_ham_bama_00044,Birmingham Roofing & Home Repairs LLC,http://site-mer3o36to.godaddysites.com/,,,roofing,Birmingham,AL
b_coston-plumbing-he_ery_bama_22813,Coston Plumbing Heating & AC,https://www.costonplumbing.com/,,,plumbing,Montgomery,AL
b_g-constrution-remo_ery_bama_66630,G Constrution & Remodeling LLC,https://www.facebook.com/remodeling1904/,,,kitchen-remodeling,Montgomery,AL
b_tommys-painting-ca_ery_bama_02844,Tommys Painting & Carpentry,https://www.tommyspaintingandremodeling.com/about,,,kitchen-remodeling,Montgomery,AL
b_al-cly-plumbing-in_ham_bama_81334,Al-Cly Plumbing Inc,https://al-cly.com/,info@al-cly.com,,plumbing,Birmingham,AL
b_bath-planet-montgo_ery_bama_71019,Bath Planet Montgomery,http://www.bathplanet.com/locator/4378.3374.bath-planet-of-montgomery/,,,bathroom-remodeling,Montgomery,AL
b_air-engineers-llc-_ery_bama_93588,Air Engineers Llc,http://www.aireng.com/,,,hvac,Montgomery,AL
b_summit-electrical-_ham_bama_01412,Summit Electrical Construction,http://summiteci.com/,,,electrical,Birmingham,AL
b_lewis-electric-hea_ham_bama_35006,"Lewis Electric Heating & Cooling Co.,LLC",http://www.lewiselectricbham.com/,,,electrical,Birmingham,AL
b_eastmont-electric-_ery_bama_44792,"Eastmont Electric Company, Inc.",http://www.eastmontelectric.com/,,,electrical,Montgomery,AL
b_city-electric-supp_ery_bama_35280,City Electric Supply Montgomery TX,https://www.cityelectricsupply.com/branches/tx/montgomery/montgomery-tx,,,electrical,Montgomery,AL
b_blevins-hvac-prope_ery_bama_43929,Blevins HVAC & Property Maintenance,http://www.blevinshvac.com/,,,hvac,Montgomery,AL
b_csc-roofing-birmin_ham_bama_48134,CSC Roofing,http://www.cscroofingllc.com/,,,roofing,Birmingham,AL
b_sunbelt-rentals-cl_ham_bama_16588,Sunbelt Rentals Climate Control,https://www.sunbeltrentals.com/location/al/birmingham/hvac-dehumidification-rentals/254/?utm_source=gmb&utm_medium=organic&utm_campaign=pc254&y_source=1_MTc2MDU3NDItNzE1LWxvY2F0aW9uLndlYnNpdGU%3D,,,hvac,Birmingham,AL
b_dr-roof-of-alabama_ham_bama_09434,Dr. Roof of Alabama,https://www.drroofal.com/,herbert@drroofal.com,,roofing,Birmingham,AL
b_streamline-home-se_ham_bama_48828,Streamline Home Services,http://streamline-hs.com/,,,kitchen-remodeling,Birmingham,AL
b_tbc-roofing-birmin_ham_bama_08033,TBC Roofing,https://taylorburton.com/tbc-roofing/,,,roofing,Birmingham,AL
b_550-construction-l_ham_bama_43918,"550 Construction, LLC",http://550construction.com/,info@550construction.com,,kitchen-remodeling,Birmingham,AL
b_all-american-enter_ham_bama_90413,"All American Enterprise, LLC",https://allamericanenterprisesalabama.com/,,,roofing,Birmingham,AL
b_garner-associates-_ery_bama_68436,"Garner & Associates Engineering, PC",http://www.garner-engineering.com/,,,electrical,Montgomery,AL
b_dream-home-designs_ery_bama_70170,Dream Home Designs,http://andybozeman.com/,andy@andybozeman.com,,kitchen-remodeling,Montgomery,AL
b_irwin-brothers-rem_ham_bama_21077,Irwin Brothers Remodeling Company,https://irwinbrothersremodeling.com/contact-us,irwinbrothers@gmail.com,,kitchen-remodeling,Birmingham,AL
b_super-roofers-mont_ery_bama_94772,Super Roofers,https://hiresuperroofers.com/montgomery/?utm_source=google&utm_medium=organic&utm_campaign=gmb,roofs@hiresuperroofers.com,,roofing,Montgomery,AL
b_electric-cities-of_ery_bama_81981,Electric Cities of Alabama,https://www.electriccities.org/,,,electrical,Montgomery,AL
b_super-roofers-birm_ham_bama_94772,Super Roofers,https://hiresuperroofers.com/birmingham/?utm_source=google&utm_medium=organic&utm_campaign=gmb,,,roofing,Birmingham,AL
b_blydan-built-birmi_ham_bama_21152,Blydan Built,https://blydanbuilt.com/,info@blydanbuilt.com,,kitchen-remodeling,Birmingham,AL
b_birmingham-premier_ham_bama_24424,Birmingham Premier Roofing,http://www.birminghampremierroofing.com/,,,roofing,Birmingham,AL
b_pilkerton-building_ery_bama_49306,"Pilkerton Building Company, LLC",http://www.pilkertonbuilds.com/Contact-Us.html,,,kitchen-remodeling,Montgomery,AL
b_andrew-s-multi-ser_ery_bama_36851,Andrew's Multi-Services LLC,https://andrewsmultiservices.com/,,,kitchen-remodeling,Montgomery,AL
b_mde-mechanical-llc_ery_bama_46514,"MDE Mechanical, LLC",http://mdemechanical.com/,,,hvac,Montgomery,AL
b_montgomery-roofers_ery_bama_24338,Montgomery Roofers,http://montgomeryroofers.us/,,,roofing,Montgomery,AL
b_modern-tech-profes_ery_bama_14448,Modern Tech Professionals Heating & Cooling LLC,https://www.hvacmoderntechpro.net/,,,hvac,Montgomery,AL
b_alabama-roof-pro-l_ham_bama_50718,"Alabama Roof Pro, LLC",https://www.alroofpros.com/,mike@alroofpros.com,,roofing,Birmingham,AL
b_haven-homes-constr_ham_bama_54208,Haven Homes & Construction LLC,https://havenhomeconstruction.com/,,,kitchen-remodeling,Birmingham,AL
b_jackson-electric-b_ham_bama_83076,Jackson Electric,https://jacksonelectricalabama.com/,,,electrical,Birmingham,AL
b_complete-homeworks_ham_bama_21150,"Complete Homeworks, Inc.",https://www.alabamaroofdaddy.com/,,,roofing,Birmingham,AL
b_sonrise-constructi_ham_bama_25036,Sonrise Construction,https://birminghamremodel.com/,flags@2x.png,,kitchen-remodeling,Birmingham,AL
b_strada-services-mo_ery_bama_39822,Strada Services,https://stradaservices.com/service-area/montgomery-al/?utm_source=google&utm_medium=organic&utm_campaign=montgomery-al_gmb&utm_content=montgomery-al,,,electrical,Montgomery,AL
b_c-w-electric-compa_ham_bama_70212,C & W Electric Company LLC,http://candwelectricco.com/,,,electrical,Birmingham,AL
b_central-alabama-he_ham_bama_65209,Central Alabama Heating and Air,https://centralalabamaheatingandair.com/,rick@centralpiping.com,,hvac,Birmingham,AL
b_merritt-electric-i_ham_bama_71433,Merritt Electric Inc,https://www.alabama-electrician.com/electrician-in-fairfield/,logo-electricalnetwork@2x.jpg,,electrical,Birmingham,AL
b_f-r-c-flat-roof-co_ham_bama_07123,F.R.C Flat Roof Company,https://www.americanroofingal.com/,info@americanroofingco.com,,roofing,Birmingham,AL
b_hot-n-cold-hvac-mo_ery_bama_86055,Hot N Cold HVAC Montgomery,https://hot-n-cold-hvac-montgomery.ueniweb.com/?utm_campaign=gmb,,,hvac,Montgomery,AL
b_lee-electrical-ser_ham_bama_94060,Lee Electrical Services Inc,http://leeelectrical.net/,clee@leeelectrical.net,,electrical,Birmingham,AL
b_bluestone-building_ham_bama_49507,Bluestone Building LLC,http://www.bluestonebuilding.com/,office@bluestonebuilding.com,,kitchen-remodeling,Birmingham,AL
b_rd-heating-cooling_ery_bama_06486,RD Heating & Cooling LLC,https://rdheatingandcoolingllc.com/,,,hvac,Montgomery,AL
b_blackstone-constru_ham_bama_84439,Blackstone Construction,http://blackstone.build/,,,kitchen-remodeling,Birmingham,AL
b_timelesspainting-m_ery_bama_34823,Timelesspainting,https://www.timelesspainting.net/,support@webador.com,,kitchen-remodeling,Montgomery,AL
b_city-electric-mont_ery_bama_16700,City Electric,https://www.cityelectricsupply.com/,,,electrical,Montgomery,AL
